,Symbol,Series,Date,Prev Close,Open Price,High Price,Low Price,Last Price,Close Price,Average Price,Total Traded Quantity,Turnover,No. of Trades,Deliverable Qty,% Dly Qt to Traded Qty,Year,Month,Trades*Price,Day_Perc_Change,Trend
0,FORTIS,EQ,2017-05-15,208.4,208.4,209.65,204.05,        206.75,205.25,205.66,9078354,1867054982.65,24607,5980115,65.87,2017,5,5050586.75,,Slight or No change
1,FORTIS,EQ,2017-05-16,205.25,206.25,209.45,205.45,        207.70,207.9,207.86,2146212,446110937.1,15071,1127662,52.54,2017,5,3133260.9,0.012911084043848886,Slight or No change
2,FORTIS,EQ,2017-05-17,207.9,208.0,210.8,204.9,        205.30,205.9,208.01,3032479,630785426.7,21453,1609171,53.06,2017,5,4417172.7,-0.00962000962000964,Slight or No change
3,FORTIS,EQ,2017-05-18,205.9,204.0,205.25,195.0,        195.80,196.85,200.05,2852401,570619895.75,18709,1337328,46.88,2017,5,3682866.65,-0.04395337542496358,Slight or No change
4,FORTIS,EQ,2017-05-19,196.85,197.8,204.9,196.45,        204.20,203.55,200.95,4144993,832917326.1,37949,1424440,34.37,2017,5,7724518.95,0.03403606807213633,Slight or No change
5,FORTIS,EQ,2017-05-22,203.55,206.0,206.25,193.5,        195.40,194.8,198.74,3379385,671631356.5,25848,1700659,50.32,2017,5,5035190.4,-0.04298698108572829,Slight or No change
6,FORTIS,EQ,2017-05-23,194.8,195.5,199.0,191.2,        196.95,196.55,196.18,3746973,735080892.7,29372,2086212,55.68,2017,5,5773066.600000001,0.008983572895277181,Slight or No change
7,FORTIS,EQ,2017-05-24,196.55,197.65,200.2,192.5,        194.50,194.35,196.82,2471551,486456184.1,24620,1254518,50.76,2017,5,4784897.0,-0.011193080641058395,Slight or No change
8,FORTIS,EQ,2017-05-25,194.35,192.5,203.5,192.1,        202.50,202.55,199.13,2337720,465502529.9,16209,666465,28.51,2017,5,3283132.95,0.042191921790584175,Slight or No change
9,FORTIS,EQ,2017-05-26,202.55,205.1,206.25,201.75,        202.75,202.75,204.18,2141143,437178776.75,14747,855686,39.96,2017,5,2989954.25,0.0009874105159219937,Slight or No change
10,FORTIS,EQ,2017-05-29,202.75,200.4,203.05,194.9,        196.00,196.1,197.75,928548,183618279.55,7854,231726,24.96,2017,5,1540169.4,-0.0327990135635019,Slight or No change
11,FORTIS,EQ,2017-05-30,196.1,195.0,200.5,193.65,        197.90,198.15,197.15,1134162,223596868.25,8038,227986,20.1,2017,5,1592729.7,0.010453850076491689,Slight or No change
12,FORTIS,EQ,2017-05-31,198.15,198.85,200.8,194.6,        195.55,195.15,196.35,1517166,297893928.15,9887,741440,48.87,2017,5,1929448.05,-0.01514004542013625,Slight or No change
13,FORTIS,EQ,2017-06-01,195.15,195.9,200.25,195.15,        199.80,198.35,197.35,837394,165259710.35,6033,248194,29.64,2017,6,1196645.55,0.01639764283884193,Slight or No change
14,FORTIS,EQ,2017-06-02,198.35,200.05,201.6,191.75,        193.20,192.95,195.33,2967855,579722984.45,15457,1540619,51.91,2017,6,2982428.15,-0.02722460297453999,Slight or No change
15,FORTIS,EQ,2017-06-05,192.95,194.0,196.9,193.6,        194.75,194.9,195.37,1688838,329943733.9,12741,654094,38.73,2017,6,2483220.9,0.010106245141228376,Slight or No change
16,FORTIS,EQ,2017-06-06,194.9,195.4,195.45,189.1,        190.40,191.05,192.04,3708378,712161812.1,17057,2344287,63.22,2017,6,3258739.85,-0.01975371985633656,Slight or No change
17,FORTIS,EQ,2017-06-07,191.05,191.1,198.7,191.1,        194.50,194.05,195.63,3368728,659018005.25,21279,1095546,32.52,2017,6,4129189.95,0.015702695629416397,Slight or No change
18,FORTIS,EQ,2017-06-08,194.05,195.9,196.85,191.8,        192.50,192.95,193.47,2996960,579821552.1,15869,1350749,45.07,2017,6,3061923.55,-0.005668642102551025,Slight or No change
19,FORTIS,EQ,2017-06-09,192.95,193.0,195.5,192.3,        193.35,193.55,193.83,1998918,387449433.9,21047,930423,46.55,2017,6,4073646.85,0.003109613889608731,Slight or No change
20,FORTIS,EQ,2017-06-12,193.55,192.9,194.4,190.8,        191.50,191.45,192.43,1553424,298918150.25,12531,740699,47.68,2017,6,2399059.9499999997,-0.010849909584086936,Slight or No change
21,FORTIS,EQ,2017-06-13,191.45,192.0,193.3,189.1,        189.20,189.45,190.31,3566743,678776508.25,22974,1924672,53.96,2017,6,4352424.3,-0.01044659179942542,Slight or No change
22,FORTIS,EQ,2017-06-14,189.45,189.9,190.75,186.4,        187.15,187.0,188.2,1577482,296882480.45,11467,623443,39.52,2017,6,2144329.0,-0.012932172077065096,Slight or No change
23,FORTIS,EQ,2017-06-15,187.0,187.4,199.9,187.1,        196.70,197.65,194.57,6971986,1356565535.7,43510,2331571,33.44,2017,6,8599751.5,0.05695187165775395,Slight or No change
24,FORTIS,EQ,2017-06-16,197.65,198.3,198.4,189.55,        190.20,190.5,192.12,7414966,1424558026.8,45686,3796470,51.2,2017,6,8703183.0,-0.036175056918795856,Slight or No change
25,FORTIS,EQ,2017-06-19,190.5,191.5,194.4,189.25,        190.00,190.1,191.79,5482255,1051440703.35,28297,2755120,50.26,2017,6,5379259.7,-0.0020997375328084544,Slight or No change
26,FORTIS,EQ,2017-06-20,190.1,195.0,199.4,193.0,        198.10,198.4,195.45,11848712,2315799351.8,48064,4359067,36.79,2017,6,9535897.6,0.04366123093108887,Slight or No change
27,FORTIS,EQ,2017-06-21,198.4,198.0,201.95,194.1,        194.80,194.9,197.94,11095314,2196186460.5,46057,4424809,39.88,2017,6,8976509.3,-0.017641129032258118,Slight or No change
28,FORTIS,EQ,2017-06-22,194.9,199.35,201.6,196.25,        198.65,197.9,198.96,10220365,2033436337.0,44928,3199722,31.31,2017,6,8891251.200000001,0.015392508978963493,Slight or No change
29,FORTIS,EQ,2017-06-23,197.9,186.0,187.5,168.25,        172.60,172.5,178.49,29553250,5274850820.75,130179,8817666,29.84,2017,6,22455877.5,-0.12834765032844875,Slight or No change
30,FORTIS,EQ,2017-06-27,172.5,174.05,175.7,162.95,        164.25,165.25,167.13,12778285,2135647078.55,63707,3245479,25.4,2017,6,10527581.75,-0.04202898550724643,Slight or No change
31,FORTIS,EQ,2017-06-28,165.25,166.65,171.85,165.5,        167.45,167.0,168.76,9996688,1687072869.9,45395,2428491,24.29,2017,6,7580965.0,0.010590015128593144,Slight or No change
32,FORTIS,IL,2017-06-28,108.0,168.5,170.0,168.5,-,169.0,169.0,3188905,538924945.0,31,3188905,100.0,2017,6,5239.0,0.011976047904191711,Slight or No change
33,FORTIS,EQ,2017-06-29,167.0,169.0,169.95,163.3,        165.25,164.4,165.91,12374425,2053080395.95,62262,4311877,34.85,2017,6,10235872.8,-0.02721893491124261,Slight or No change
34,FORTIS,EQ,2017-06-30,164.4,160.0,164.45,157.45,        161.80,162.0,161.78,8337124,1348795147.2,44465,2475371,29.69,2017,6,7203330.0,-0.014598540145985384,Slight or No change
35,FORTIS,EQ,2017-07-03,162.0,163.4,166.0,162.05,        163.40,163.25,163.95,4247225,696317686.1,22518,1649099,38.83,2017,7,3676063.5,0.007716049382715973,Slight or No change
36,FORTIS,EQ,2017-07-04,163.25,163.85,164.65,154.65,        155.55,155.95,158.97,6888990,1095153745.15,37570,2650053,38.47,2017,7,5859041.5,-0.044716692189892826,Slight or No change
37,FORTIS,EQ,2017-07-05,155.95,155.95,162.45,152.25,        161.50,161.15,158.4,12863683,2037590014.05,68288,3671846,28.54,2017,7,11004611.200000001,0.03334402051939733,Slight or No change
38,FORTIS,EQ,2017-07-06,161.15,161.45,165.0,159.8,        161.45,162.35,162.88,4745708,772961842.8,35932,1226456,25.84,2017,7,5833560.2,0.007446478436239357,Slight or No change
39,FORTIS,EQ,2017-07-07,162.35,161.85,164.6,158.0,        158.75,158.85,160.92,3863951,621773374.05,24543,1262551,32.68,2017,7,3898655.55,-0.021558361564521067,Slight or No change
40,FORTIS,EQ,2017-07-10,158.85,174.0,174.7,161.1,        162.50,162.55,162.98,825741,134579146.05,6128,308232,37.33,2017,7,996106.4,0.023292414227258584,Slight or No change
41,FORTIS,EQ,2017-07-11,162.55,163.5,164.2,159.45,        161.80,161.0,162.06,4635145,751177303.7,39772,2184105,47.12,2017,7,6403292.0,-0.009535527529990873,Slight or No change
42,FORTIS,EQ,2017-07-12,161.0,161.9,163.95,159.5,        162.70,162.9,161.95,3747235,606848348.85,27370,1408492,37.59,2017,7,4458573.0,0.011801242236024967,Slight or No change
43,FORTIS,EQ,2017-07-13,162.9,163.5,165.4,162.3,        163.50,164.1,163.41,4897217,800230849.9,22110,3129095,63.9,2017,7,3628251.0,0.007366482504604033,Slight or No change
44,FORTIS,EQ,2017-07-14,164.1,164.0,167.4,162.4,        163.00,162.95,164.79,6047801,996641070.35,30114,2378559,39.33,2017,7,4907076.3,-0.007007921998781308,Slight or No change
45,FORTIS,EQ,2017-07-17,162.95,163.75,163.8,142.15,        149.25,148.4,151.76,24035120,3647683916.35,112338,10159130,42.27,2017,7,16670959.200000001,-0.08929119361767401,Slight or No change
46,FORTIS,EQ,2017-07-18,148.4,149.25,153.8,147.7,        153.10,150.4,150.75,27783163,4188285161.75,61000,18176982,65.42,2017,7,9174400.0,0.013477088948786964,Slight or No change
47,FORTIS,EQ,2017-07-19,150.4,153.15,155.6,150.3,        150.60,150.7,152.87,11692514,1787408352.35,84466,6675308,57.09,2017,7,12729026.2,0.0019946808510638014,Slight or No change
48,FORTIS,EQ,2017-07-20,150.7,151.5,158.85,151.45,        158.50,157.0,154.86,8576575,1328161159.8,44324,4564726,53.22,2017,7,6958868.0,0.041804910418049124,Slight or No change
49,FORTIS,EQ,2017-07-21,157.0,159.0,164.5,158.0,        164.50,163.55,161.13,12421238,2001397337.25,72827,5587465,44.98,2017,7,11910855.850000001,0.041719745222930094,Slight or No change
50,FORTIS,EQ,2017-07-24,163.55,166.0,169.7,162.9,        167.30,167.05,166.83,9578224,1597930897.15,56670,4018252,41.95,2017,7,9466723.5,0.021400183430143604,Slight or No change
51,FORTIS,EQ,2017-07-25,167.05,167.85,170.35,165.2,        167.80,168.65,168.29,6592943,1109536432.3,26698,3460595,52.49,2017,7,4502617.7,0.009577970667464797,Slight or No change
52,FORTIS,EQ,2017-07-26,168.65,169.8,169.8,165.6,        166.15,166.25,167.56,3793744,635692466.85,24266,1603411,42.26,2017,7,4034222.5,-0.014230655203083309,Slight or No change
53,FORTIS,EQ,2017-07-27,166.25,166.55,168.8,162.85,        163.90,163.65,165.15,7916508,1307417225.95,27573,3725845,47.06,2017,7,4512321.45,-0.015639097744360897,Slight or No change
54,FORTIS,EQ,2017-07-28,163.65,163.0,164.9,157.7,        159.05,159.1,161.1,6178056,995270684.35,27648,3423744,55.42,2017,7,4398796.8,-0.027803238619004023,Slight or No change
55,FORTIS,EQ,2017-07-31,159.1,159.2,159.8,155.0,        155.50,155.55,156.59,3445199,539479412.15,20873,1755131,50.94,2017,7,3246795.1500000004,-0.022313010685103607,Slight or No change
56,FORTIS,EQ,2017-08-01,155.55,156.4,157.7,154.75,        154.90,155.45,155.99,6563699,1023880658.25,19736,4196545,63.94,2017,8,3067961.1999999997,-0.0006428801028609543,Slight or No change
57,FORTIS,EQ,2017-08-02,155.45,156.6,157.4,151.5,        153.80,153.3,153.61,4836024,742862044.4,15605,2676671,55.35,2017,8,2392246.5,-0.013830813766484207,Slight or No change
58,FORTIS,EQ,2017-08-03,153.3,153.95,164.4,153.0,        163.35,163.3,160.39,22100914,3544813381.7,94201,8392606,37.97,2017,8,15383023.3,0.06523157208088715,Slight or No change
59,FORTIS,EQ,2017-08-04,163.3,163.45,167.3,161.9,        165.00,166.35,165.33,10217390,1689215845.15,42378,4240309,41.5,2017,8,7049580.3,0.01867728107777089,Slight or No change
60,FORTIS,EQ,2017-08-07,166.35,167.0,168.9,160.7,        164.25,164.15,165.22,8518218,1407412420.3,44314,2771473,32.54,2017,8,7274143.100000001,-0.013225127742711118,Slight or No change
61,FORTIS,EQ,2017-08-08,164.15,164.75,166.45,158.5,        160.00,159.8,161.86,3504956,567310787.2,19252,1243294,35.47,2017,8,3076469.6,-0.0265001522997258,Slight or No change
62,FORTIS,EQ,2017-08-09,159.8,160.0,164.0,157.4,        158.30,158.6,160.98,2867206,461568571.85,19948,853749,29.78,2017,8,3163752.8,-0.007509386733416834,Slight or No change
63,FORTIS,EQ,2017-08-10,158.6,157.0,162.0,147.6,        154.15,151.85,154.25,7245672,1117673061.6,32737,2258979,31.18,2017,8,4971113.45,-0.0425598991172762,Slight or No change
64,FORTIS,EQ,2017-08-11,151.85,150.05,158.65,148.0,        152.10,151.95,152.29,10893156,1658940241.15,50289,5129545,47.09,2017,8,7641413.55,0.0006585446163978048,Slight or No change
65,FORTIS,EQ,2017-08-14,151.95,153.0,153.95,149.35,        150.15,150.0,151.44,4650019,704206210.5,38797,2245808,48.3,2017,8,5819550.0,-0.012833168805528095,Slight or No change
66,FORTIS,EQ,2017-08-16,150.0,151.15,152.7,149.1,        151.10,151.05,151.21,1717493,259705005.55,15210,708722,41.26,2017,8,2297470.5,0.007000000000000117,Slight or No change
67,FORTIS,EQ,2017-08-17,151.05,151.0,152.85,148.6,        150.60,151.45,151.14,3669508,554622703.1,23955,1598886,43.57,2017,8,3627984.7499999995,0.002648129758358042,Slight or No change
68,FORTIS,EQ,2017-08-18,151.45,150.0,150.85,143.0,        145.70,145.15,146.59,4571826,670175650.4,25416,1957848,42.82,2017,8,3689132.4000000004,-0.04159788709144918,Slight or No change
69,FORTIS,EQ,2017-08-21,145.15,145.95,148.5,143.1,        143.35,143.7,146.25,3042225,444913489.05,23120,1068347,35.12,2017,8,3322343.9999999995,-0.00998966586290051,Slight or No change
70,FORTIS,EQ,2017-08-22,143.7,144.1,145.6,125.55,        144.40,141.55,136.14,47735739,6498667016.95,200316,14920883,31.26,2017,8,28354729.8,-0.01496172581767552,Slight or No change
71,FORTIS,EQ,2017-08-23,141.55,149.7,154.3,146.6,        152.15,152.6,150.8,31289450,4718424479.5,143698,7807581,24.95,2017,8,21928314.8,0.07806428823737188,Slight or No change
72,FORTIS,EQ,2017-08-24,152.6,153.9,155.4,150.65,        151.80,151.75,152.78,8690298,1327696218.4,49499,2680352,30.84,2017,8,7511473.25,-0.005570117955439047,Slight or No change
73,FORTIS,EQ,2017-08-28,151.75,152.75,154.85,148.05,        148.15,148.9,151.59,5407774,819766269.0,31656,2294066,42.42,2017,8,4713578.4,-0.01878088962108726,Slight or No change
74,FORTIS,EQ,2017-08-29,148.9,146.25,148.65,143.4,        144.25,143.9,145.47,7673004,1116208130.4,41843,2900216,37.8,2017,8,6021207.7,-0.033579583613163155,Slight or No change
75,FORTIS,EQ,2017-08-30,143.9,145.75,154.9,145.5,        154.10,154.4,151.72,10455461,1586290441.9,62404,3581900,34.26,2017,8,9635177.6,0.0729673384294649,Slight or No change
76,FORTIS,EQ,2017-08-31,154.4,154.5,156.95,145.3,        146.00,146.05,148.71,18869121,2806025381.2,94591,4264600,22.6,2017,8,13815015.55,-0.054080310880828986,Slight or No change
77,FORTIS,EQ,2017-09-01,146.05,147.1,150.0,146.1,        149.05,149.1,148.8,5492056,817213478.45,37949,1888881,34.39,2017,9,5658195.899999999,0.02088325915782252,Slight or No change
78,FORTIS,EQ,2017-09-04,149.1,149.5,151.15,145.5,        147.40,147.85,148.02,3698669,547489028.9,24164,834437,22.56,2017,9,3572647.4,-0.008383635144198487,Slight or No change
79,FORTIS,EQ,2017-09-05,147.85,147.75,152.8,147.55,        152.30,152.2,150.92,5880542,887513143.05,41758,1703792,28.97,2017,9,6355567.6,0.029421711193777345,Slight or No change
80,FORTIS,EQ,2017-09-06,152.2,150.7,154.5,149.7,        151.40,152.2,152.1,3931996,598071471.25,26938,697950,17.75,2017,9,4099963.5999999996,0.0,Slight or No change
81,FORTIS,EQ,2017-09-07,152.2,156.0,156.7,152.6,        153.40,153.4,154.78,5898229,912937601.95,34178,1892439,32.08,2017,9,5242905.2,0.007884362680683488,Slight or No change
82,FORTIS,EQ,2017-09-08,153.4,153.5,156.6,151.9,        154.00,154.2,154.39,4912635,758469437.65,26896,1431062,29.13,2017,9,4147363.1999999997,0.005215123859191539,Slight or No change
83,FORTIS,EQ,2017-09-11,154.2,154.8,156.1,153.1,        154.45,154.0,154.71,3151422,487545147.75,17132,1109697,35.21,2017,9,2638328.0,-0.0012970168612190802,Slight or No change
84,FORTIS,EQ,2017-09-12,154.0,154.5,155.15,152.65,        153.05,153.25,154.01,1902056,292939291.95,9955,775867,40.79,2017,9,1525603.75,-0.004870129870129913,Slight or No change
85,FORTIS,EQ,2017-09-13,153.25,154.95,154.95,149.75,        151.85,150.85,152.71,2518268,384576644.35,12259,926625,36.8,2017,9,1849270.15,-0.01566068515497554,Slight or No change
86,FORTIS,EQ,2017-09-14,150.85,151.1,153.7,151.05,        151.70,151.7,152.36,1647301,250990772.35,10647,341316,20.72,2017,9,1615149.9,0.005634736493205228,Slight or No change
87,FORTIS,EQ,2017-09-15,151.7,151.5,152.2,148.4,        149.45,149.95,150.16,3782862,568052083.45,26396,2579003,68.18,2017,9,3958080.1999999997,-0.011535926170072486,Slight or No change
88,FORTIS,EQ,2017-09-18,149.95,150.1,151.9,149.5,        150.90,150.85,150.59,2189661,329740764.9,13845,1008108,46.04,2017,9,2088518.25,0.006002000666889051,Slight or No change
89,FORTIS,EQ,2017-09-19,150.85,150.15,158.4,150.15,        153.70,153.55,155.28,6933289,1076578167.15,38474,2457895,35.45,2017,9,5907682.7,0.017898574743122397,Slight or No change
90,FORTIS,EQ,2017-09-20,153.55,154.3,155.85,151.8,        153.75,153.55,153.96,2082872,320675210.7,13819,408968,19.63,2017,9,2121907.45,0.0,Slight or No change
91,FORTIS,EQ,2017-09-21,153.55,154.25,154.6,149.45,        152.00,152.05,151.53,2160735,327406736.5,11137,640852,29.66,2017,9,1693380.85,-0.00976880494952781,Slight or No change
92,FORTIS,EQ,2017-09-22,152.05,151.95,153.9,149.05,        150.75,150.05,151.83,2894670,439502494.4,15927,676335,23.36,2017,9,2389846.35,-0.013153567905294317,Slight or No change
93,FORTIS,EQ,2017-09-25,150.05,150.0,150.6,145.5,        147.30,146.75,147.55,2519332,371726127.8,13204,841385,33.4,2017,9,1937687.0,-0.021992669110296625,Slight or No change
94,FORTIS,EQ,2017-09-26,146.75,146.8,149.2,145.8,        147.50,147.35,147.47,1718594,253439826.0,13791,584256,34.0,2017,9,2032103.8499999999,0.00408858603066431,Slight or No change
95,FORTIS,EQ,2017-09-27,147.35,148.4,149.3,143.5,        144.50,144.9,146.61,1947854,285565438.8,15491,759809,39.01,2017,9,2244645.9,-0.016627078384798044,Slight or No change
96,FORTIS,EQ,2017-09-28,144.9,145.45,148.6,143.35,        147.90,145.5,145.2,3280177,476274101.45,14540,1419664,43.28,2017,9,2115570.0,0.0041407867494822614,Slight or No change
97,FORTIS,EQ,2017-09-29,145.5,146.6,148.85,143.15,        143.80,144.0,145.94,1628660,237681076.5,11468,491656,30.19,2017,9,1651392.0,-0.010309278350515427,Slight or No change
98,FORTIS,EQ,2017-10-03,144.0,145.05,146.8,143.95,        145.35,145.6,145.55,2138950,311329687.85,17979,1131687,52.91,2017,10,2617742.4,0.011111111111111072,Slight or No change
99,FORTIS,EQ,2017-10-04,145.6,145.8,146.95,143.2,        146.95,146.15,145.15,1649369,239407679.5,16640,671150,40.69,2017,10,2431936.0,0.003777472527472625,Slight or No change
100,FORTIS,EQ,2017-10-05,146.15,146.95,150.95,146.2,        150.40,150.0,148.74,4471075,665038033.4,27252,1225770,27.42,2017,10,4087800.0,0.026342798494697117,Slight or No change
101,FORTIS,EQ,2017-10-06,150.0,150.5,157.5,149.0,        156.85,156.85,154.35,4656306,718692785.25,40666,1421650,30.53,2017,10,6378462.1,0.04566666666666652,Slight or No change
102,FORTIS,EQ,2017-10-09,156.85,156.0,160.0,149.4,        150.45,152.3,155.15,6185680,959705205.75,24457,2456455,39.71,2017,10,3724801.1,-0.029008606949314508,Slight or No change
103,FORTIS,EQ,2017-10-10,152.3,150.0,154.3,148.5,        153.20,153.15,152.19,7525748,1145328383.4,32965,4451940,59.16,2017,10,5048589.75,0.005581089954038054,Slight or No change
104,FORTIS,EQ,2017-10-11,153.15,153.85,154.15,148.75,        149.55,149.55,152.06,3890451,591601276.05,16704,1774628,45.61,2017,10,2498083.2,-0.02350636630754155,Slight or No change
105,FORTIS,EQ,2017-10-12,149.55,150.05,152.85,147.65,        149.80,149.95,150.0,3827613,574128317.7,17183,918230,23.99,2017,10,2576590.8499999996,0.0026746907388832675,Slight or No change
106,FORTIS,EQ,2017-10-13,149.95,150.0,152.85,149.1,        151.25,151.8,151.45,2802436,424428783.2,11804,1437449,51.29,2017,10,1791847.2000000002,0.012337445815271852,Slight or No change
107,FORTIS,EQ,2017-10-16,151.8,153.25,153.9,150.25,        150.80,150.85,151.66,962027,145904464.7,6899,270124,28.08,2017,10,1040714.1499999999,-0.006258234519104233,Slight or No change
108,FORTIS,EQ,2017-10-17,150.85,151.2,151.95,149.15,        149.50,149.55,150.42,1068298,160694290.8,7392,482666,45.18,2017,10,1105473.6,-0.00861783228372548,Slight or No change
109,FORTIS,EQ,2017-10-18,149.55,149.8,150.45,147.0,        147.30,147.45,148.3,1917224,284317751.05,11863,1172712,61.17,2017,10,1749199.3499999999,-0.014042126379137598,Slight or No change
110,FORTIS,EQ,2017-10-19,147.45,148.9,148.9,145.05,        146.00,146.0,146.29,810123,118511362.0,4924,386154,47.67,2017,10,718904.0,-0.009833841980332214,Slight or No change
111,FORTIS,EQ,2017-10-23,146.0,146.05,148.0,144.7,        144.85,144.85,145.68,2333185,339891614.35,40293,1478785,63.38,2017,10,5836441.05,-0.007876712328767188,Slight or No change
112,FORTIS,EQ,2017-10-24,144.85,145.5,147.1,144.0,        145.90,146.15,145.75,2152300,313707136.75,26399,829932,38.56,2017,10,3858213.85,0.008974801518812692,Slight or No change
113,FORTIS,EQ,2017-10-25,146.15,146.9,147.65,144.75,        145.50,145.6,146.18,2594581,379275236.55,24722,1209611,46.62,2017,10,3599523.1999999997,-0.003763256927813985,Slight or No change
114,FORTIS,EQ,2017-10-26,145.6,145.6,147.45,145.0,        145.80,145.8,146.1,1999708,292153473.15,24783,915390,45.78,2017,10,3613361.4000000004,0.0013736263736265908,Slight or No change
115,FORTIS,EQ,2017-10-27,145.8,146.3,147.95,145.2,        145.65,146.0,146.65,2145906,314706628.35,40513,1095162,51.03,2017,10,5914898.0,0.00137174211248281,Slight or No change
116,FORTIS,EQ,2017-10-30,146.0,146.7,147.2,143.55,        144.00,144.0,145.09,2193231,318211331.75,40805,1216649,55.47,2017,10,5875920.0,-0.013698630136986356,Slight or No change
117,FORTIS,EQ,2017-10-31,144.0,144.85,145.25,143.2,        144.20,143.9,144.21,1570426,226470179.35,13687,858408,54.66,2017,10,1969559.3,-0.000694444444444442,Slight or No change
118,FORTIS,EQ,2017-11-01,143.9,144.9,146.0,142.8,        143.10,143.2,144.11,2061361,297054140.2,25654,1076872,52.24,2017,11,3673652.8,-0.004864489228631141,Slight or No change
119,FORTIS,EQ,2017-11-02,143.2,143.45,145.4,143.1,        143.30,143.4,144.05,2076851,299168265.3,29405,802739,38.65,2017,11,4216677.0,0.0013966480446927498,Slight or No change
120,FORTIS,EQ,2017-11-03,143.4,143.65,144.75,142.25,        142.60,142.7,143.08,1285918,183993154.75,12265,533041,41.45,2017,11,1750215.4999999998,-0.004881450488145145,Slight or No change
121,FORTIS,EQ,2017-11-06,142.7,142.75,145.35,142.4,        143.20,143.2,143.99,2330554,335582679.9,37315,1058588,45.42,2017,11,5343508.0,0.0035038542396637062,Slight or No change
122,FORTIS,EQ,2017-11-07,143.2,144.0,144.7,139.3,        140.20,140.2,141.61,1999357,283137889.55,19371,957484,47.89,2017,11,2715814.1999999997,-0.020949720670391025,Slight or No change
123,FORTIS,EQ,2017-11-08,140.2,140.45,142.2,137.4,        138.20,138.0,139.83,1970947,275594036.2,11313,868189,44.05,2017,11,1561194.0,-0.015691868758915706,Slight or No change
124,FORTIS,EQ,2017-11-09,138.0,138.9,139.7,136.0,        138.90,138.9,138.03,2632322,363333819.75,20218,981167,37.27,2017,11,2808280.2,0.006521739130434856,Slight or No change
125,FORTIS,EQ,2017-11-10,138.9,138.4,138.6,134.1,        134.15,134.45,136.3,2678018,365013445.5,16397,1476874,55.15,2017,11,2204576.65,-0.03203743700503969,Slight or No change
126,FORTIS,EQ,2017-11-13,134.45,134.7,136.45,131.75,        132.15,132.2,133.71,3671471,490924408.45,42624,1852065,50.44,2017,11,5634892.8,-0.01673484566753436,Slight or No change
127,FORTIS,EQ,2017-11-14,132.2,132.7,134.2,130.05,        130.10,130.45,131.57,3161975,416021388.45,48013,1762453,55.74,2017,11,6263295.85,-0.01323751891074132,Slight or No change
128,FORTIS,EQ,2017-11-15,130.45,137.0,145.5,133.3,        139.85,140.45,140.75,18295768,2575134765.85,103359,4480082,24.49,2017,11,14516771.549999999,0.07665772326561893,Slight or No change
129,FORTIS,EQ,2017-11-16,140.45,140.2,141.2,127.7,        130.70,130.65,132.99,14935560,1986314173.8,109974,6179760,41.38,2017,11,14368103.100000001,-0.06977572089711626,Slight or No change
130,FORTIS,EQ,2017-11-17,130.65,132.0,132.75,129.3,        129.60,129.95,130.47,6021937,785672847.75,49634,2698118,44.8,2017,11,6449938.3,-0.005357826253348796,Slight or No change
131,FORTIS,EQ,2017-11-20,129.95,130.0,133.7,129.3,        130.60,130.95,131.58,7229335,951217939.0,39506,4463514,61.74,2017,11,5173310.699999999,0.0076952674105426055,Slight or No change
132,FORTIS,EQ,2017-11-21,130.95,130.65,131.55,128.35,        128.90,129.0,129.91,4356672,565971756.0,26420,2037355,46.76,2017,11,3408180.0,-0.014891179839633395,Slight or No change
133,FORTIS,EQ,2017-11-22,129.0,128.0,128.1,123.4,        125.30,125.1,125.25,10046177,1258314369.65,73336,3854513,38.37,2017,11,9174333.6,-0.03023255813953496,Slight or No change
134,FORTIS,EQ,2017-11-23,125.1,125.5,133.0,124.55,        132.90,132.0,130.01,10752102,1397853012.1,56913,3645809,33.91,2017,11,7512516.0,0.05515587529976029,Slight or No change
135,FORTIS,EQ,2017-11-24,132.0,132.9,139.8,132.0,        138.55,138.75,136.25,9677659,1318622631.0,55816,4849256,50.11,2017,11,7744470.0,0.051136363636363535,Slight or No change
136,FORTIS,EQ,2017-11-27,138.75,138.55,145.0,137.3,        143.60,143.0,142.56,12452619,1775236125.65,59047,4568370,36.69,2017,11,8443721.0,0.03063063063063054,Slight or No change
137,FORTIS,EQ,2017-11-28,143.0,143.0,146.05,140.1,        140.80,141.15,143.39,6773155,971201067.35,28816,2259015,33.35,2017,11,4067378.4000000004,-0.012937062937062871,Slight or No change
138,FORTIS,EQ,2017-11-29,141.15,141.7,142.9,137.0,        137.35,138.6,140.46,3596612,505181682.85,21789,925192,25.72,2017,11,3019955.4,-0.01806588735387893,Slight or No change
139,FORTIS,EQ,2017-11-30,138.6,138.3,146.0,138.0,        145.45,144.85,143.3,14304454,2049867282.3,57999,7569704,52.92,2017,11,8401155.15,0.045093795093795075,Slight or No change
140,FORTIS,EQ,2017-12-01,144.85,146.0,149.9,142.5,        143.80,143.6,146.87,7518907,1104268357.45,62759,2596953,34.54,2017,12,9012192.4,-0.008629616845012067,Slight or No change
141,FORTIS,EQ,2017-12-04,143.6,144.0,150.8,141.0,        148.00,148.35,147.15,8592097,1264291300.6,55336,2949876,34.33,2017,12,8209095.6,0.033077994428969415,Slight or No change
142,FORTIS,EQ,2017-12-05,148.35,148.45,151.3,145.1,        149.80,150.0,147.68,4986710,736429915.45,39263,1315448,26.38,2017,12,5889450.0,0.011122345803842304,Slight or No change
143,FORTIS,EQ,2017-12-06,150.0,149.65,149.8,141.85,        143.80,144.75,146.89,4817211,707603316.25,32560,1234811,25.63,2017,12,4713060.0,-0.03500000000000003,Slight or No change
144,FORTIS,EQ,2017-12-07,144.75,140.3,147.25,139.7,        146.50,146.1,143.14,8140801,1165240537.25,46197,1420664,17.45,2017,12,6749381.7,0.00932642487046631,Slight or No change
145,FORTIS,EQ,2017-12-08,146.1,147.0,148.25,144.1,        146.40,146.85,146.2,3964882,579674254.95,26123,1131757,28.54,2017,12,3836162.55,0.005133470225872738,Slight or No change
146,FORTIS,EQ,2017-12-11,146.85,143.0,144.6,137.15,        138.85,138.7,141.29,7037780,994344368.9,43707,2463673,35.01,2017,12,6062160.899999999,-0.055498808307797076,Slight or No change
147,FORTIS,EQ,2017-12-12,138.7,137.05,139.75,126.5,        126.80,128.0,131.63,27814613,3661193395.6,125955,8449394,30.38,2017,12,16122240.0,-0.07714491708723858,Slight or No change
148,FORTIS,EQ,2017-12-13,128.0,130.5,132.8,129.25,        130.40,130.5,131.05,15572059,2040696651.6,50388,7835730,50.32,2017,12,6575634.0,0.01953125,Slight or No change
149,FORTIS,EQ,2017-12-14,130.5,130.7,137.0,127.7,        134.00,135.15,132.72,9324769,1237582622.35,39979,2238797,24.01,2017,12,5403161.850000001,0.03563218390804601,Slight or No change
150,FORTIS,EQ,2017-12-15,135.15,135.2,137.8,132.6,        136.85,135.65,135.75,9392108,1274995818.45,40849,4648870,49.5,2017,12,5541166.850000001,0.0036995930447649705,Slight or No change
151,FORTIS,EQ,2017-12-18,135.65,135.9,136.8,128.15,        133.65,133.65,133.72,4386534,586576629.8,26858,1576724,35.94,2017,12,3589571.7,-0.014743826022852957,Slight or No change
152,FORTIS,EQ,2017-12-19,133.65,134.7,137.15,133.8,        136.35,136.05,136.06,3462737,471132812.95,41403,1479257,42.72,2017,12,5632878.15,0.017957351290684764,Slight or No change
153,FORTIS,EQ,2017-12-20,136.05,136.7,142.0,133.45,        141.25,140.8,139.38,9253853,1289766217.6,37102,3851788,41.62,2017,12,5223961.600000001,0.03491363469312758,Slight or No change
154,FORTIS,EQ,2017-12-21,140.8,141.3,144.25,140.9,        143.45,142.55,142.81,3851597,550059506.75,23807,1297507,33.69,2017,12,3393687.85,0.012428977272727293,Slight or No change
155,FORTIS,EQ,2017-12-22,142.55,143.0,144.45,141.8,        142.40,142.45,143.21,5277265,755749863.1,22534,1983015,37.58,2017,12,3209968.3,-0.000701508242721971,Slight or No change
156,FORTIS,EQ,2017-12-26,142.45,143.75,152.5,143.5,        150.50,150.35,149.78,15894056,2380555601.25,57090,6423682,40.42,2017,12,8583481.5,0.05545805545805549,Slight or No change
157,FORTIS,EQ,2017-12-27,150.35,151.9,159.6,151.25,        159.00,158.1,155.86,12995380,2025395004.1,56844,3695796,28.44,2017,12,8987036.4,0.05154639175257736,Slight or No change
158,FORTIS,EQ,2017-12-28,158.1,160.2,167.9,155.85,        162.50,161.95,162.87,17624348,2870512847.9,76816,5226177,29.65,2017,12,12440351.2,0.024351676154332758,Slight or No change
159,FORTIS,EQ,2017-12-29,161.95,163.0,165.9,158.1,        160.60,160.45,162.6,6415419,1043143754.75,37508,1901479,29.64,2017,12,6018158.6,-0.009262117937635095,Slight or No change
160,FORTIS,EQ,2018-01-01,160.45,159.95,163.25,156.25,        156.55,157.4,160.37,2878195,461583375.7,14605,738159,25.65,2018,1,2298827.0,-0.01900903708320334,Slight or No change
161,FORTIS,EQ,2018-01-02,157.4,157.0,158.4,152.8,        155.55,154.75,155.24,5056467,784947295.5,24249,1590138,31.45,2018,1,3752532.75,-0.016836086404066086,Slight or No change
162,FORTIS,EQ,2018-01-03,154.75,155.55,170.9,155.35,        163.25,163.25,166.25,25657824,4265574396.65,109422,6265540,24.42,2018,1,17863141.5,0.0549273021001615,Slight or No change
163,FORTIS,EQ,2018-01-04,163.25,163.85,166.25,163.15,        163.25,164.05,164.6,6249153,1028615049.0,28281,1790448,28.65,2018,1,4639498.050000001,0.004900459418070602,Slight or No change
164,FORTIS,EQ,2018-01-05,164.05,165.8,171.25,162.25,        162.50,163.3,166.57,7027626,1170594878.95,34332,2293444,32.63,2018,1,5606415.600000001,-0.004571776897287383,Slight or No change
165,FORTIS,EQ,2018-01-08,163.3,164.8,167.8,155.1,        162.00,163.5,162.86,11714532,1907827324.8,54688,3397093,29.0,2018,1,8941488.0,0.0012247397428046813,Slight or No change
166,FORTIS,EQ,2018-01-09,163.5,164.35,167.0,160.8,        165.80,165.6,164.42,6968155,1145694132.4,26726,2290931,32.88,2018,1,4425825.6,0.012844036697247763,Slight or No change
167,FORTIS,EQ,2018-01-10,165.6,165.4,166.45,161.25,        163.40,162.45,163.65,4997597,817834252.8,19629,1368654,27.39,2018,1,3188731.05,-0.01902173913043481,Slight or No change
168,FORTIS,EQ,2018-01-11,162.45,159.8,161.0,144.9,        149.00,148.9,151.6,25500697,3865882733.35,109837,7968459,31.25,2018,1,16354729.3,-0.08341028008618023,Slight or No change
169,FORTIS,EQ,2018-01-12,148.9,149.95,152.45,143.55,        144.25,144.65,147.32,11663572,1718256047.65,62710,3687024,31.61,2018,1,9071001.5,-0.028542646071188726,Slight or No change
170,FORTIS,EQ,2018-01-15,144.65,146.55,148.7,144.2,        146.15,146.25,146.67,5290321,775937696.75,27242,1968991,37.22,2018,1,3984142.5,0.011061182163843775,Slight or No change
171,FORTIS,EQ,2018-01-16,146.25,146.55,148.2,139.0,        139.75,140.3,141.42,8562156,1210856958.3,42728,3329229,38.88,2018,1,5994738.4,-0.04068376068376056,Slight or No change
172,FORTIS,EQ,2018-01-17,140.3,141.8,146.25,139.35,        143.90,144.05,143.92,11180626,1609073263.95,37985,5288229,47.3,2018,1,5471739.25,0.026728439059158893,Slight or No change
173,FORTIS,EQ,2018-01-18,144.05,145.8,148.35,139.4,        145.50,144.1,145.59,10480554,1525913067.45,43764,5182516,49.45,2018,1,6306392.399999999,0.0003471017007983246,Slight or No change
174,FORTIS,EQ,2018-01-19,144.1,146.25,147.65,144.15,        145.30,145.45,145.57,3609020,525370137.5,18227,1346279,37.3,2018,1,2651117.15,0.00936849410131857,Slight or No change
175,FORTIS,EQ,2018-01-22,145.45,145.1,148.5,145.1,        146.85,147.2,147.56,5273735,778200380.45,18790,2089731,39.63,2018,1,2765888.0,0.0120316259883122,Slight or No change
176,FORTIS,EQ,2018-01-23,147.2,147.8,151.95,146.1,        151.00,150.5,148.58,7706210,1145010117.1,23320,4032952,52.33,2018,1,3509660.0,0.022418478260869623,Slight or No change
177,FORTIS,EQ,2018-01-24,150.5,151.4,156.0,149.8,        153.45,153.85,153.37,12708073,1949087520.05,44073,6389980,50.28,2018,1,6780631.05,0.022259136212624542,Slight or No change
178,FORTIS,EQ,2018-01-25,153.85,153.4,158.5,153.0,        157.75,157.3,156.62,7498516,1174391048.85,29643,2996341,39.96,2018,1,4662843.9,0.022424439389015394,Slight or No change
179,FORTIS,EQ,2018-01-29,157.3,160.0,160.05,146.1,        147.90,147.5,150.68,8976189,1352552018.8,47336,2938098,32.73,2018,1,6982060.0,-0.062301335028607796,Slight or No change
180,FORTIS,EQ,2018-01-30,147.5,147.6,149.9,146.0,        147.00,146.9,147.8,3428882,506794167.05,16029,1386555,40.44,2018,1,2354660.1,-0.004067796610169427,Slight or No change
181,FORTIS,EQ,2018-01-31,146.9,147.1,147.5,135.15,        136.50,139.05,141.01,18945343,2671531143.15,65401,7093492,37.44,2018,1,9094009.05,-0.053437712729748066,Slight or No change
182,FORTIS,EQ,2018-02-01,139.05,136.5,137.0,125.15,        133.30,132.6,130.15,32923073,4284906357.8,156914,11359499,34.5,2018,2,20806796.4,-0.04638619201726013,Slight or No change
183,FORTIS,EQ,2018-02-02,132.6,132.0,135.9,125.3,        126.00,126.45,129.75,11857160,1538514789.3,56295,2872204,24.22,2018,2,7118502.75,-0.0463800904977375,Slight or No change
184,FORTIS,EQ,2018-02-05,126.45,125.0,125.0,117.2,        118.45,118.45,120.44,17584182,2117816512.05,77134,7958449,45.26,2018,2,9136522.3,-0.06326611308817709,Slight or No change
185,FORTIS,EQ,2018-02-06,118.45,112.0,117.0,107.1,        114.25,114.2,111.3,15167517,1688152910.15,65435,4522765,29.82,2018,2,7472677.0,-0.03588011819333048,Slight or No change
186,FORTIS,EQ,2018-02-07,114.2,117.5,124.75,116.75,        123.65,123.75,120.69,13973446,1686447164.15,54771,3505280,25.09,2018,2,6777911.25,0.0836252189141855,Slight or No change
187,FORTIS,EQ,2018-02-08,123.75,123.6,128.3,121.0,        126.35,126.05,126.33,8170647,1032211774.6,33062,2369896,29.0,2018,2,4167465.1,0.018585858585858483,Slight or No change
188,FORTIS,EQ,2018-02-09,126.05,125.0,156.7,125.0,        148.60,148.6,143.45,86214453,12367217800.9,350283,13672682,15.86,2018,2,52052053.8,0.17889726299087672,Slight or No change
189,FORTIS,EQ,2018-02-12,148.6,148.55,152.7,137.8,        139.50,139.0,145.14,26330832,3821687546.35,124146,4272386,16.23,2018,2,17256294.0,-0.06460296096904439,Slight or No change
190,FORTIS,EQ,2018-02-14,139.0,145.0,145.65,140.1,        142.40,142.45,142.53,15177477,2163213162.95,69757,3059381,20.16,2018,2,9936884.649999999,0.024820143884892065,Slight or No change
191,FORTIS,EQ,2018-02-15,142.45,142.6,149.0,135.15,        147.00,143.4,140.58,13885802,1952102361.2,61474,3210870,23.12,2018,2,8815371.6,0.006669006669006716,Slight or No change
192,FORTIS,EQ,2018-02-16,143.4,145.0,151.0,116.15,        137.70,137.5,134.82,98426544,13270297740.0,351309,22563031,22.92,2018,2,48304987.5,-0.04114365411436549,Slight or No change
193,FORTIS,EQ,2018-02-19,137.5,133.2,148.0,131.5,        147.60,146.4,141.04,43929730,6195905940.05,208163,11783976,26.82,2018,2,30475063.200000003,0.06472727272727274,Slight or No change
194,FORTIS,EQ,2018-02-20,146.4,150.5,155.6,135.5,        153.00,153.6,145.94,98975207,14444624599.45,386594,21828129,22.05,2018,2,59380838.4,0.04918032786885229,Slight or No change
195,FORTIS,EQ,2018-02-21,153.6,151.5,159.0,148.2,        155.80,155.5,155.81,43017735,6702672487.95,188265,6995435,16.26,2018,2,29275207.5,0.01236979166666674,Slight or No change
196,FORTIS,EQ,2018-02-22,155.5,155.0,155.85,145.0,        146.15,146.3,149.69,30802682,4610987971.75,133879,8708220,28.27,2018,2,19586497.700000003,-0.05916398713826354,Slight or No change
197,FORTIS,EQ,2018-02-23,146.3,144.55,167.4,143.65,        159.55,159.95,155.95,71207389,11104541088.7,303275,16042892,22.53,2018,2,48508836.25,0.09330143540669833,Slight or No change
198,FORTIS,EQ,2018-02-26,159.95,160.05,163.15,154.1,        159.15,159.9,158.43,40895580,6478957180.25,162013,10065797,24.61,2018,2,25905878.7,-0.0003125976867770497,Slight or No change
199,FORTIS,EQ,2018-02-27,159.9,161.0,162.45,154.55,        155.00,155.6,158.75,19482774,3092802493.35,86803,3927594,20.16,2018,2,13506546.799999999,-0.026891807379612276,Slight or No change
200,FORTIS,EQ,2018-02-28,155.6,153.6,160.8,153.0,        159.00,159.8,157.39,21349954,3360232195.75,92195,7037620,32.96,2018,2,14732761.000000002,0.026992287917738,Slight or No change
201,FORTIS,EQ,2018-03-01,159.8,159.0,167.45,157.0,        159.60,161.05,161.92,40490589,6556266140.8,175443,9195297,22.71,2018,3,28255095.150000002,0.007822277847309156,Slight or No change
202,FORTIS,EQ,2018-03-05,161.05,158.45,167.0,152.1,        161.20,163.3,158.02,38792259,6129954699.9,144972,12226138,31.52,2018,3,23673927.6,0.013970816516609696,Slight or No change
203,FORTIS,EQ,2018-03-06,163.3,163.8,167.25,158.5,        159.75,161.35,164.09,30423475,4992121579.55,134746,7664534,25.19,2018,3,21741267.099999998,-0.011941212492345477,Slight or No change
204,FORTIS,EQ,2018-03-07,161.35,160.75,161.5,145.55,        147.65,147.55,152.6,36866132,5625844927.0,149384,11776721,31.94,2018,3,22041609.200000003,-0.08552835450883167,Slight or No change
205,FORTIS,EQ,2018-03-08,147.55,150.65,154.75,146.05,        148.10,148.15,149.96,20664624,3098883329.2,90535,4310779,20.86,2018,3,13412760.25,0.004066418163334529,Slight or No change
206,FORTIS,EQ,2018-03-09,148.15,151.25,151.25,144.0,        146.00,145.4,147.62,12833958,1894507857.0,82935,3326555,25.92,2018,3,12058749.0,-0.018562267971650392,Slight or No change
207,FORTIS,EQ,2018-03-12,145.4,148.0,150.25,146.05,        148.90,149.3,147.83,8539983,1262447466.85,41163,2054531,24.06,2018,3,6145635.9,0.026822558459422385,Slight or No change
208,FORTIS,EQ,2018-03-13,149.3,148.5,154.0,147.95,        152.20,152.55,152.35,10381464,1581586704.6,48337,3438679,33.12,2018,3,7373809.350000001,0.021768251841929098,Slight or No change
209,FORTIS,EQ,2018-03-14,152.55,155.5,161.0,155.5,        158.20,158.8,158.97,26897984,4276004617.6,117945,9367364,34.83,2018,3,18729666.0,0.04097017371353662,Slight or No change
210,FORTIS,EQ,2018-03-15,158.8,159.7,162.8,158.7,        160.20,160.25,160.46,13938064,2236435173.2,58043,5818563,41.75,2018,3,9301390.75,0.009130982367758111,Slight or No change
211,FORTIS,EQ,2018-03-16,160.25,161.0,161.65,155.1,        155.55,155.9,157.46,9233133,1453829310.05,40769,2041885,22.11,2018,3,6355887.100000001,-0.027145085803432112,Slight or No change
212,FORTIS,EQ,2018-03-19,155.9,156.0,158.35,151.6,        153.55,153.5,154.42,6711812,1036443497.0,31271,2368214,35.28,2018,3,4800098.5,-0.015394483643361156,Slight or No change
213,FORTIS,EQ,2018-03-20,153.5,150.6,157.75,150.6,        156.15,156.65,156.07,9023908,1408360854.55,41695,2833809,31.4,2018,3,6531521.75,0.020521172638436447,Slight or No change
214,FORTIS,EQ,2018-03-21,156.65,159.0,159.0,155.1,        155.75,155.95,156.41,5946386,930044580.5,24329,2123044,35.7,2018,3,3794107.55,-0.004468560485158091,Slight or No change
215,FORTIS,EQ,2018-03-22,155.95,156.0,157.2,153.45,        153.50,154.6,155.54,6066648,943634425.05,21779,2944792,48.54,2018,3,3367033.4,-0.008656620711766538,Slight or No change
216,FORTIS,EQ,2018-03-23,154.6,151.0,153.5,138.2,        141.60,143.5,145.23,21179106,3075867604.3,85867,5853609,27.64,2018,3,12321914.5,-0.07179818887451483,Slight or No change
217,FORTIS,EQ,2018-03-26,143.5,144.0,149.25,138.1,        149.05,147.65,144.62,17657482,2553579929.15,70819,5260656,29.79,2018,3,10456425.35,0.028919860627177663,Slight or No change
218,FORTIS,EQ,2018-03-27,147.65,152.0,153.9,140.65,        143.50,142.25,146.26,33244642,4862263548.45,135285,10376113,31.21,2018,3,19244291.25,-0.036572976633931664,Slight or No change
219,FORTIS,EQ,2018-03-28,142.25,133.5,136.8,120.45,        123.35,123.35,127.45,132125804,16839021931.75,412156,45928643,34.76,2018,3,50839442.599999994,-0.13286467486818987,Slight or No change
220,FORTIS,EQ,2018-04-02,123.35,125.95,129.55,124.35,        127.90,128.15,127.41,17926207,2284008282.15,88513,5927415,33.07,2018,4,11342940.950000001,0.03891366031617349,Slight or No change
221,FORTIS,EQ,2018-04-03,128.15,127.65,131.9,124.8,        129.95,129.95,128.35,13133571,1685744179.5,62290,3778075,28.77,2018,4,8094585.499999999,0.01404603979711272,Slight or No change
222,FORTIS,EQ,2018-04-04,129.95,130.8,133.5,127.55,        128.30,128.5,131.1,8091617,1060802997.45,41427,2839470,35.09,2018,4,5323369.5,-0.011158137745286512,Slight or No change
223,FORTIS,EQ,2018-04-05,128.5,131.0,138.8,128.2,        138.00,137.85,133.81,16172998,2164034473.7,75909,7289594,45.07,2018,4,10464055.65,0.07276264591439685,Slight or No change
224,FORTIS,EQ,2018-04-06,137.85,139.0,144.95,134.6,        138.60,138.8,141.1,21556741,3041747282.4,95399,6813946,31.61,2018,4,13241381.200000001,0.006891548784911272,Slight or No change
225,FORTIS,EQ,2018-04-09,138.8,139.6,144.9,138.6,        141.85,141.8,141.84,9523568,1350798318.45,50525,3262914,34.26,2018,4,7164445.000000001,0.021613832853025983,Slight or No change
226,FORTIS,EQ,2018-04-10,141.8,142.9,147.9,138.85,        147.00,146.6,144.24,11570592,1668967077.05,53282,3473624,30.02,2018,4,7811141.199999999,0.03385049365303239,Slight or No change
227,FORTIS,EQ,2018-04-11,146.6,152.0,152.0,144.3,        147.35,147.85,147.99,29264715,4330879724.8,122154,8800008,30.07,2018,4,18060468.9,0.008526603001364208,Slight or No change
228,FORTIS,EQ,2018-04-12,147.85,147.5,154.7,147.5,        153.85,153.9,151.93,19813729,3010370875.75,119406,6515195,32.88,2018,4,18376583.400000002,0.04091985120054109,Slight or No change
229,FORTIS,EQ,2018-04-13,153.9,156.8,157.4,150.1,        151.35,152.05,154.21,13170032,2030892024.25,66117,3265508,24.79,2018,4,10053089.850000001,-0.01202079272254708,Slight or No change
230,FORTIS,EQ,2018-04-16,152.05,152.0,152.65,147.0,        147.75,148.75,149.13,6340680,945592968.65,31786,1899569,29.96,2018,4,4728167.5,-0.021703387043735645,Slight or No change
231,FORTIS,EQ,2018-04-17,148.75,149.2,150.2,143.0,        144.40,144.5,145.92,9635835,1406030512.5,65400,5025753,52.16,2018,4,9450300.0,-0.02857142857142858,Slight or No change
232,FORTIS,EQ,2018-04-18,144.5,146.3,148.0,144.1,        144.85,144.85,146.25,5800737,848369176.55,36354,1658998,28.6,2018,4,5265876.899999999,0.0024221453287196493,Slight or No change
233,FORTIS,EQ,2018-04-19,144.85,147.5,152.3,145.2,        148.15,148.45,147.97,9614244,1422663386.3,47803,3412520,35.49,2018,4,7096355.35,0.02485329651363477,Slight or No change
234,FORTIS,EQ,2018-04-20,148.45,149.4,153.3,148.05,        149.55,149.65,150.32,7969761,1198032504.05,48394,2688504,33.73,2018,4,7242162.100000001,0.008083529808016188,Slight or No change
235,FORTIS,EQ,2018-04-23,149.65,149.5,151.95,149.0,        150.80,150.45,150.48,3283918,494159201.85,27867,1064649,32.42,2018,4,4192590.15,0.005345806882726345,Slight or No change
236,FORTIS,EQ,2018-04-24,150.45,151.2,154.4,149.8,        151.90,151.9,151.93,3951002,600264461.85,22115,1524273,38.58,2018,4,3359268.5,0.009637753406447347,Slight or No change
237,FORTIS,EQ,2018-04-25,151.9,153.0,154.4,150.35,        152.40,152.65,152.26,7526133,1145892369.65,58522,2869625,38.13,2018,4,8933383.3,0.004937458854509469,Slight or No change
238,FORTIS,EQ,2018-04-26,152.65,152.0,152.75,149.2,        150.00,150.15,150.61,3502302,527471064.65,22802,1526454,43.58,2018,4,3423720.3000000003,-0.01637733377006223,Slight or No change
239,FORTIS,EQ,2018-04-27,150.15,151.3,154.9,150.55,        153.75,153.9,152.78,4339254,662934643.85,27910,2152248,49.6,2018,4,4295349.0,0.024975024975024906,Slight or No change
240,FORTIS,EQ,2018-04-30,153.9,154.0,154.0,151.5,        152.25,152.4,152.45,2392384,364714859.75,30124,1345360,56.24,2018,4,4590897.600000001,-0.00974658869395717,Slight or No change
241,FORTIS,EQ,2018-05-02,152.4,156.0,160.5,155.6,        158.80,158.9,158.66,9977663,1583030921.85,49893,4655557,46.66,2018,5,7927997.7,0.042650918635170676,Slight or No change
242,FORTIS,EQ,2018-05-03,158.9,158.0,160.95,156.25,        157.95,157.85,157.34,37053894,5830244179.4,66962,32934393,88.88,2018,5,10569951.7,-0.0066079295154185536,Slight or No change
243,FORTIS,EQ,2018-05-04,157.85,158.0,159.45,155.1,        157.95,157.95,157.61,5365729,845693541.25,69877,2805998,52.29,2018,5,11037072.149999999,0.0006335128286347746,Slight or No change
244,FORTIS,EQ,2018-05-07,157.95,159.65,159.85,155.05,        155.40,155.95,156.5,4572188,715551833.5,20950,2714140,59.36,2018,5,3267152.4999999995,-0.012662234884457058,Slight or No change
245,FORTIS,EQ,2018-05-08,155.95,156.0,156.3,151.75,        152.70,152.9,153.29,4704013,721062817.8,17819,3107001,66.05,2018,5,2724525.1,-0.019557550496954068,Slight or No change
246,FORTIS,EQ,2018-05-09,152.9,152.9,152.9,148.55,        150.00,150.5,150.46,3091563,465146114.15,19224,1423042,46.03,2018,5,2893212.0,-0.015696533682145186,Slight or No change
247,FORTIS,EQ,2018-05-10,150.5,151.0,154.7,151.0,        152.90,152.9,152.8,3065853,468460714.6,20216,1196437,39.02,2018,5,3091026.4,0.015946843853820614,Slight or No change
248,FORTIS,EQ,2018-05-11,152.9,157.0,157.0,145.4,        149.50,148.25,148.65,10640545,1581694857.3,84599,3257394,30.61,2018,5,12541801.75,-0.030412034009156375,Slight or No change
249,FORTIS,EQ,2018-05-14,148.25,148.85,152.4,147.0,        149.05,148.8,150.12,3842487,576836271.7,17967,1571956,40.91,2018,5,2673489.6,0.003709949409780755,Slight or No change
250,FORTIS,EQ,2018-05-15,148.8,152.0,155.0,150.5,        153.50,153.4,152.43,5350870,815611170.1,39839,2533749,47.35,2018,5,6111302.600000001,0.030913978494623517,Slight or No change
251,FORTIS,EQ,2018-05-16,153.4,153.35,153.95,150.25,        151.50,151.5,151.95,2574865,391243361.4,25006,1397351,54.27,2018,5,3788409.0,-0.012385919165580184,Slight or No change
252,FORTIS,EQ,2018-05-17,151.5,151.5,152.9,150.0,        151.45,151.4,151.33,1223745,185183392.3,8084,558355,45.63,2018,5,1223917.6,-0.0006600660066006236,Slight or No change
253,FORTIS,EQ,2018-05-18,151.4,152.0,152.0,143.25,        144.95,144.5,146.9,4279786,628682905.0,25803,3137984,73.32,2018,5,3728533.5,-0.045574636723910156,Slight or No change
254,FORTIS,EQ,2018-05-21,144.5,146.0,150.95,145.1,        148.50,148.4,148.11,5235081,775367806.35,36336,2954330,56.43,2018,5,5392262.4,0.0269896193771626,Slight or No change
255,FORTIS,EQ,2018-05-22,148.4,148.9,148.95,144.1,        145.00,145.2,145.85,2306689,336434505.05,15090,971068,42.1,2018,5,2191068.0,-0.021563342318059453,Slight or No change
256,FORTIS,EQ,2018-05-23,145.2,145.2,147.5,144.0,        144.75,144.9,145.34,1862677,270718608.2,13233,646629,34.72,2018,5,1917461.7000000002,-0.0020661157024792765,Slight or No change
257,FORTIS,EQ,2018-05-24,144.9,145.9,146.25,141.2,        143.25,142.95,143.23,1984782,284285665.2,13961,1022312,51.51,2018,5,1995724.95,-0.01345755693581796,Slight or No change
258,FORTIS,EQ,2018-05-25,142.95,142.6,145.9,142.1,        145.90,145.05,144.09,1986211,286192776.1,13696,974047,49.04,2018,5,1986604.8,0.01469045120671586,Slight or No change
259,FORTIS,EQ,2018-05-28,145.05,145.8,148.8,143.9,        147.00,147.05,146.61,2436091,357156384.35,17905,850863,34.93,2018,5,2632930.25,0.013788348845225729,Slight or No change
260,FORTIS,EQ,2018-05-29,147.05,145.15,147.95,143.05,        144.05,143.95,145.13,2026122,294043676.5,18533,954751,47.12,2018,5,2667825.3499999996,-0.02108126487589268,Slight or No change
261,FORTIS,EQ,2018-05-30,143.95,144.25,150.8,144.1,        145.70,145.6,146.6,5347247,783921492.3,46322,2057066,38.47,2018,5,6744483.2,0.011462313303230331,Slight or No change
262,FORTIS,EQ,2018-05-31,145.6,146.75,147.9,144.7,        147.10,147.15,146.74,1906475,279748579.65,10474,1023608,53.69,2018,5,1541249.1,0.010645604395604469,Slight or No change
263,FORTIS,EQ,2018-06-01,147.15,147.9,147.9,144.7,        145.80,145.8,145.87,1808500,263798994.55,16121,848545,46.92,2018,6,2350441.8000000003,-0.00917431192660545,Slight or No change
264,FORTIS,EQ,2018-06-04,145.8,146.1,146.4,143.0,        144.30,144.15,144.18,1295023,186711803.45,9927,791665,61.13,2018,6,1430977.05,-0.011316872427983626,Slight or No change
265,FORTIS,EQ,2018-06-05,144.15,144.2,147.0,142.0,        144.95,145.0,144.84,1858485,269179536.25,11883,967819,52.08,2018,6,1723035.0,0.005896635449184728,Slight or No change
266,FORTIS,EQ,2018-06-06,145.0,144.0,145.0,142.6,        144.95,144.6,143.83,1438446,206895045.15,7258,596437,41.46,2018,6,1049506.8,-0.0027586206896552667,Slight or No change
267,FORTIS,EQ,2018-06-07,144.6,145.0,146.75,144.75,        145.90,145.75,145.65,813792,118532155.6,6317,341548,41.97,2018,6,920702.75,0.007952973720608547,Slight or No change
268,FORTIS,EQ,2018-06-08,145.75,145.05,148.0,144.8,        146.35,146.2,146.19,1310584,191589232.6,8237,523985,39.98,2018,6,1204249.4,0.0030874785591765708,Slight or No change
269,FORTIS,EQ,2018-06-11,146.2,146.2,146.5,143.5,        143.75,143.75,144.46,1210362,174853434.85,12956,614614,50.78,2018,6,1862425.0,-0.016757865937072403,Slight or No change
270,FORTIS,EQ,2018-06-12,143.75,141.95,143.75,138.5,        140.20,139.95,140.66,2783485,391533555.2,24481,1227035,44.08,2018,6,3426115.9499999997,-0.026434782608695695,Slight or No change
271,FORTIS,EQ,2018-06-13,139.95,140.0,140.2,137.25,        138.10,138.45,138.17,1430164,197605432.25,11074,432527,30.24,2018,6,1533195.2999999998,-0.010718113612004254,Slight or No change
272,FORTIS,EQ,2018-06-14,138.45,138.0,138.0,136.25,        136.60,136.75,136.88,1663895,227751701.15,12450,875917,52.64,2018,6,1702537.5,-0.012278801011195273,Slight or No change
273,FORTIS,EQ,2018-06-15,136.75,136.9,141.2,136.5,        138.80,138.9,138.62,1688513,234056873.7,15889,577933,34.23,2018,6,2206982.1,0.015722120658135275,Slight or No change
274,FORTIS,EQ,2018-06-18,138.9,139.9,139.95,137.0,        137.95,137.5,137.73,958285,131981411.0,9382,493365,51.48,2018,6,1290025.0,-0.010079193664506825,Slight or No change
275,FORTIS,EQ,2018-06-19,137.5,137.5,138.2,134.7,        137.00,136.3,136.04,1404038,191011269.25,9214,785358,55.94,2018,6,1255868.2000000002,-0.008727272727272695,Slight or No change
276,FORTIS,EQ,2018-06-20,136.3,136.9,137.4,134.0,        135.20,135.55,135.43,1695960,229689268.7,13894,846735,49.93,2018,6,1883331.7000000002,-0.0055025678650036935,Slight or No change
277,FORTIS,EQ,2018-06-21,135.55,135.9,136.2,133.1,        134.50,134.8,134.44,1196558,160868970.05,9888,392534,32.81,2018,6,1332902.4000000001,-0.005533013648100327,Slight or No change
278,FORTIS,EQ,2018-06-22,134.8,134.0,140.8,133.55,        139.70,139.2,138.37,2651204,366853219.0,21376,850512,32.08,2018,6,2975539.1999999997,0.03264094955489605,Slight or No change
279,FORTIS,EQ,2018-06-25,139.2,140.1,143.75,136.5,        137.50,137.6,139.69,3036216,424128408.0,23199,1304585,42.97,2018,6,3192182.4,-0.011494252873563204,Slight or No change
280,FORTIS,EQ,2018-06-26,137.6,136.2,137.95,133.35,        134.25,134.6,135.8,1548115,210241279.8,11145,782179,50.52,2018,6,1500117.0,-0.021802325581395388,Slight or No change
281,FORTIS,EQ,2018-06-27,134.6,130.55,138.4,129.25,        135.40,135.75,134.48,11164615,1501429370.5,60567,2988244,26.77,2018,6,8221970.25,0.008543833580980653,Slight or No change
282,FORTIS,EQ,2018-06-28,135.75,134.05,135.5,131.0,        135.00,134.95,134.14,6329148,848960370.15,30196,3141386,49.63,2018,6,4074950.1999999997,-0.005893186003683271,Slight or No change
283,FORTIS,EQ,2018-06-29,134.95,134.65,135.4,131.4,        134.85,134.85,133.57,3393853,453331538.45,14542,1773905,52.27,2018,6,1960988.7,-0.0007410151908113782,Slight or No change
284,FORTIS,EQ,2018-07-02,134.85,134.75,137.8,132.5,        132.70,133.65,134.26,2677569,359491317.95,14984,1270599,47.45,2018,7,2002611.6,-0.008898776418242438,Slight or No change
285,FORTIS,EQ,2018-07-03,133.65,134.1,145.9,132.8,        141.75,142.1,139.76,10183791,1423290083.2,51819,3308581,32.49,2018,7,7363479.899999999,0.0632248410026186,Slight or No change
286,FORTIS,EQ,2018-07-04,142.1,139.0,144.9,135.25,        144.60,144.4,140.37,10132507,1422325190.15,52660,3222013,31.8,2018,7,7604104.0,0.01618578465869125,Slight or No change
287,FORTIS,EQ,2018-07-05,144.4,144.0,144.35,138.5,        138.60,139.4,140.42,2752632,386515625.5,14588,1079684,39.22,2018,7,2033567.2000000002,-0.03462603878116344,Slight or No change
288,FORTIS,EQ,2018-07-06,139.4,138.5,140.85,137.0,        138.85,138.5,138.82,2118003,294031486.75,13513,780612,36.86,2018,7,1871550.5,-0.0064562410329985775,Slight or No change
289,FORTIS,EQ,2018-07-09,138.5,141.0,146.4,140.0,        141.00,140.8,143.09,8684891,1242732127.25,52448,3324175,38.28,2018,7,7384678.4,0.016606498194945862,Slight or No change
290,FORTIS,EQ,2018-07-10,140.8,141.1,142.0,139.8,        140.20,140.25,140.8,1715538,241555778.6,10062,808576,47.13,2018,7,1411195.5,-0.003906250000000111,Slight or No change
291,FORTIS,EQ,2018-07-11,140.25,140.1,140.2,137.65,        137.85,137.95,138.47,2574474,356475678.45,13235,1841323,71.52,2018,7,1825768.2499999998,-0.016399286987522355,Slight or No change
292,FORTIS,EQ,2018-07-12,137.95,141.5,143.8,139.5,        142.10,142.2,141.55,4495709,636348653.5,35170,2529767,56.27,2018,7,5001174.0,0.03080826386371882,Slight or No change
293,FORTIS,EQ,2018-07-13,142.2,145.0,149.45,141.0,        147.00,147.8,145.91,24948484,3640227727.6,91195,10564570,42.35,2018,7,13478621.000000002,0.0393811533052042,Slight or No change
294,FORTIS,EQ,2018-07-16,147.8,147.0,147.6,144.4,        144.90,145.3,146.07,6941824,1013998067.2,32668,4334899,62.45,2018,7,4746660.4,-0.01691474966170503,Slight or No change
295,FORTIS,EQ,2018-07-17,145.3,145.95,146.0,142.0,        142.00,142.25,143.28,1971831,282527591.75,9696,1233971,62.58,2018,7,1379256.0,-0.020991052993805992,Slight or No change
296,FORTIS,EQ,2018-07-18,142.25,142.5,144.9,140.6,        142.30,141.95,141.98,2366092,335945909.5,15046,1275223,53.9,2018,7,2135779.6999999997,-0.002108963093145899,Slight or No change
297,FORTIS,EQ,2018-07-19,141.95,141.5,141.5,136.8,        137.05,137.25,138.53,1941740,268996693.0,11783,1052336,54.2,2018,7,1617216.75,-0.03311025008805912,Slight or No change
298,FORTIS,EQ,2018-07-20,137.25,137.9,139.8,135.05,        135.90,135.55,136.58,2729708,372820943.7,14705,1374105,50.34,2018,7,1993262.7500000002,-0.012386156648451663,Slight or No change
299,FORTIS,EQ,2018-07-23,135.55,136.4,137.35,132.1,        132.75,132.85,133.95,2149108,287868034.75,20002,1372115,63.85,2018,7,2657265.6999999997,-0.01991884913316133,Slight or No change
300,FORTIS,EQ,2018-07-24,132.85,133.1,135.9,132.0,        132.90,132.9,133.52,3645486,486754912.15,26270,1927695,52.88,2018,7,3491283.0,0.00037636432066245895,Slight or No change
301,FORTIS,EQ,2018-07-25,132.9,133.4,135.5,133.0,        134.60,134.35,134.45,2210235,297156643.7,26605,1413093,63.93,2018,7,3574381.75,0.010910458991723049,Slight or No change
302,FORTIS,EQ,2018-07-26,134.35,134.9,140.4,133.1,        139.40,139.7,137.27,4033357,553658112.2,53241,2642717,65.52,2018,7,7437767.699999999,0.03982136211388165,Slight or No change
303,FORTIS,EQ,2018-07-27,139.7,139.1,139.5,136.1,        137.10,136.6,137.68,1935372,266454307.75,21846,1215174,62.79,2018,7,2984163.6,-0.02219040801717964,Slight or No change
304,FORTIS,EQ,2018-07-30,136.6,137.1,138.75,136.3,        137.15,137.1,137.24,1232615,169159023.85,16162,722376,58.61,2018,7,2215810.1999999997,0.0036603221083455484,Slight or No change
305,FORTIS,EQ,2018-07-31,137.1,137.45,140.4,137.45,        139.65,139.65,138.83,1478651,205275145.25,10421,688191,46.54,2018,7,1455292.6500000001,0.018599562363238675,Slight or No change
306,FORTIS,EQ,2018-08-01,139.65,139.65,146.5,139.05,        145.85,145.95,144.38,4854403,700870404.75,47730,2711856,55.86,2018,8,6966193.499999999,0.045112781954887105,Slight or No change
307,FORTIS,EQ,2018-08-02,145.95,145.8,145.8,142.0,        142.45,142.95,143.36,1596836,228916382.55,15720,905827,56.73,2018,8,2247174.0,-0.020554984583761593,Slight or No change
308,FORTIS,EQ,2018-08-03,142.95,143.4,146.9,143.0,        145.65,145.95,145.4,2178037,316685642.35,18052,1580573,72.57,2018,8,2634689.4,0.02098635886673672,Slight or No change
309,FORTIS,EQ,2018-08-06,145.95,146.15,148.4,144.3,        147.00,147.85,146.94,2880002,423201420.7,21157,1946044,67.57,2018,8,3128062.4499999997,0.013018156903048972,Slight or No change
310,FORTIS,EQ,2018-08-07,147.85,147.55,147.55,143.3,        146.70,146.6,145.64,1803985,262740881.65,12156,867371,48.08,2018,8,1782069.5999999999,-0.008454514710855565,Slight or No change
311,FORTIS,EQ,2018-08-08,146.6,146.5,146.7,142.1,        142.20,142.5,143.54,1103884,158449166.7,6284,515086,46.66,2018,8,895470.0,-0.027967257844474736,Slight or No change
312,FORTIS,EQ,2018-08-09,142.5,142.7,143.95,139.05,        140.55,140.8,140.69,1393394,196031808.85,8407,820876,58.91,2018,8,1183705.6,-0.011929824561403457,Slight or No change
313,FORTIS,EQ,2018-08-10,140.8,140.8,143.3,139.25,        141.20,140.9,140.8,1037631,146095201.15,10587,479296,46.19,2018,8,1491708.3,0.0007102272727272929,Slight or No change
314,FORTIS,EQ,2018-08-13,140.9,142.5,145.4,141.55,        145.15,145.05,144.18,2251732,324652185.15,10580,1209332,53.71,2018,8,1534629.0000000002,0.029453513129879427,Slight or No change
315,FORTIS,EQ,2018-08-14,145.05,145.35,146.8,145.35,        146.15,146.05,146.07,1786496,260948171.55,10399,1084696,60.72,2018,8,1518773.9500000002,0.006894174422612975,Slight or No change
316,FORTIS,EQ,2018-08-16,146.05,147.0,150.05,146.0,        147.80,148.45,148.27,3844745,570060421.1,17566,1950261,50.73,2018,8,2607672.6999999997,0.01643272851763089,Slight or No change
317,FORTIS,EQ,2018-08-17,148.45,148.2,151.3,148.05,        150.10,150.15,150.02,2647739,397216408.45,34609,1586151,59.91,2018,8,5196541.350000001,0.011451667228022933,Slight or No change
318,FORTIS,EQ,2018-08-20,150.15,152.0,152.3,149.25,        151.20,150.2,151.39,2614955,395872589.2,28683,1677496,64.15,2018,8,4308186.6,0.0003330003330002107,Slight or No change
319,FORTIS,EQ,2018-08-21,150.2,150.9,152.0,148.5,        149.40,149.5,150.47,1636986,246309910.75,14439,813677,49.71,2018,8,2158630.5,-0.0046604527296936205,Slight or No change
320,FORTIS,EQ,2018-08-23,149.5,150.6,150.8,148.05,        148.30,148.6,149.23,1279785,190980790.35,12072,707138,55.25,2018,8,1793899.2,-0.006020066889632192,Slight or No change
321,FORTIS,EQ,2018-08-24,148.6,148.05,151.0,147.5,        150.00,149.4,148.8,1589747,236547481.5,13580,889540,55.95,2018,8,2028852.0,0.0053835800807537915,Slight or No change
322,FORTIS,EQ,2018-08-27,149.4,150.0,150.35,147.1,        150.00,149.5,148.72,2376900,353485373.45,19267,1442462,60.69,2018,8,2880416.5,0.0006693440428380271,Slight or No change
323,FORTIS,EQ,2018-08-28,149.5,149.5,150.95,149.05,        149.55,149.85,149.89,1466086,219749115.7,20472,823736,56.19,2018,8,3067729.1999999997,0.00234113712374584,Slight or No change
324,FORTIS,EQ,2018-08-29,149.85,149.95,149.95,148.15,        149.00,148.95,149.06,1808084,269507544.55,24358,1057831,58.51,2018,8,3628124.0999999996,-0.006006006006006093,Slight or No change
325,FORTIS,EQ,2018-08-30,148.95,148.85,150.0,147.65,        150.00,148.65,148.61,1867433,277518304.9,12600,1450437,77.67,2018,8,1872990.0,-0.002014098690835686,Slight or No change
326,FORTIS,EQ,2018-08-31,148.65,149.1,149.4,146.1,        146.65,146.6,147.41,1988693,293147161.4,11628,1277970,64.26,2018,8,1704664.8,-0.013790783720148081,Slight or No change
327,FORTIS,EQ,2018-09-03,146.6,146.85,149.9,146.15,        149.00,149.15,148.32,2649444,392961115.1,13228,1708914,64.5,2018,9,1972956.2000000002,0.017394270122783162,Slight or No change
328,FORTIS,EQ,2018-09-04,149.15,149.4,149.4,145.55,        146.45,146.4,147.01,1137932,167282476.15,10239,677784,59.56,2018,9,1498989.6,-0.01843781428092528,Slight or No change
329,FORTIS,EQ,2018-09-05,146.4,144.25,147.4,142.25,        145.80,145.85,145.53,1916667,278940102.2,13269,1065506,55.59,2018,9,1935283.65,-0.0037568306010929975,Slight or No change
330,FORTIS,EQ,2018-09-06,145.85,145.9,146.95,145.1,        146.00,145.8,145.76,909339,132548813.5,6936,451520,49.65,2018,9,1011268.8,-0.00034281796366120165,Slight or No change
331,FORTIS,EQ,2018-09-07,145.8,146.0,147.4,145.1,        147.40,146.35,146.29,1224770,179172299.15,5779,635085,51.85,2018,9,845756.65,0.0037722908093278384,Slight or No change
332,FORTIS,EQ,2018-09-10,146.35,146.5,146.5,145.05,        145.25,145.3,145.44,628319,91384445.2,5826,357898,56.96,2018,9,846517.8,-0.007174581482746745,Slight or No change
333,FORTIS,EQ,2018-09-11,145.3,145.3,145.9,143.0,        143.70,143.65,143.94,917082,132008797.9,8651,611539,66.68,2018,9,1242716.1500000001,-0.011355815554026205,Slight or No change
334,FORTIS,EQ,2018-09-12,143.65,143.85,144.9,142.4,        144.90,143.9,143.58,790659,113521813.1,8894,528140,66.8,2018,9,1279846.6,0.0017403411068568353,Slight or No change
335,FORTIS,EQ,2018-09-14,143.9,144.85,146.5,143.7,        144.85,144.85,144.85,3775219,546856181.8,9894,2985590,79.08,2018,9,1433145.9,0.006601806810284883,Slight or No change
336,FORTIS,EQ,2018-09-17,144.85,145.9,146.2,144.25,        144.85,144.85,144.92,2768149,401165629.7,14425,1600878,57.83,2018,9,2089461.25,0.0,Slight or No change
337,FORTIS,EQ,2018-09-18,144.85,145.0,145.4,141.1,        141.90,141.8,143.0,1081695,154684352.7,13147,697753,64.51,2018,9,1864244.6,-0.02105626510182934,Slight or No change
338,FORTIS,EQ,2018-09-19,141.8,142.4,143.0,141.0,        142.85,142.0,141.84,1047839,148623155.3,16274,608233,58.05,2018,9,2310908.0,0.0014104372355430161,Slight or No change
339,FORTIS,EQ,2018-09-21,142.0,143.4,143.65,137.0,        137.95,137.25,138.83,2219492,308124363.15,9264,1459237,65.75,2018,9,1271484.0,-0.033450704225352124,Slight or No change
340,FORTIS,EQ,2018-09-24,137.25,137.25,137.8,135.2,        136.90,136.55,136.17,1294561,176283385.4,8161,670440,51.79,2018,9,1114384.55,-0.0051001821493623645,Slight or No change
341,FORTIS,EQ,2018-09-25,136.55,135.25,138.8,134.5,        137.80,136.35,136.06,1124219,152959540.55,5871,524111,46.62,2018,9,800510.85,-0.0014646649578909932,Slight or No change
342,FORTIS,EQ,2018-09-26,136.35,137.35,137.35,131.4,        131.55,132.05,133.89,1296118,173541061.5,7342,772731,59.62,2018,9,969511.1000000001,-0.031536486982031375,Slight or No change
343,FORTIS,EQ,2018-09-27,132.05,132.45,136.45,132.1,        134.20,134.45,133.98,1303390,174627588.25,9724,787038,60.38,2018,9,1307391.7999999998,0.018174933737220567,Slight or No change
344,FORTIS,EQ,2018-09-28,134.45,134.05,135.5,132.6,        135.00,134.95,134.64,2254196,303509526.75,28316,1635029,72.53,2018,9,3821244.1999999997,0.0037188545927853145,Slight or No change
345,FORTIS,EQ,2018-10-01,134.95,134.95,136.4,133.2,        134.70,135.35,134.79,1317558,177592516.55,11848,829146,62.93,2018,10,1603626.8,0.002964060763245735,Slight or No change
346,FORTIS,EQ,2018-10-03,135.35,135.0,136.75,133.75,        136.75,136.25,134.97,1568305,211681500.3,10281,1074385,68.51,2018,10,1400786.25,0.006649427410417408,Slight or No change
347,FORTIS,EQ,2018-10-04,136.25,135.25,137.4,132.6,        133.00,134.4,135.22,2376530,321345989.3,11574,1926910,81.08,2018,10,1555545.6,-0.013577981651376136,Slight or No change
348,FORTIS,EQ,2018-10-05,134.4,132.05,135.4,132.05,        134.00,134.7,134.44,1136394,152775641.5,8171,713447,62.78,2018,10,1100633.7,0.0022321428571427937,Slight or No change
349,FORTIS,EQ,2018-10-08,134.7,133.8,134.8,132.3,        132.95,132.85,133.41,1419513,189374751.55,13595,955001,67.28,2018,10,1806095.75,-0.013734224201930156,Slight or No change
350,FORTIS,EQ,2018-10-09,132.85,133.5,134.45,132.55,        132.55,132.75,132.99,863655,114854883.4,7593,540444,62.58,2018,10,1007970.75,-0.0007527286413248069,Slight or No change
351,FORTIS,EQ,2018-10-10,132.75,133.3,134.3,131.55,        132.00,131.85,132.99,1341338,178377964.25,8095,792468,59.08,2018,10,1067325.75,-0.006779661016949157,Slight or No change
352,FORTIS,EQ,2018-10-11,131.85,130.0,133.4,129.2,        132.25,131.95,131.28,966170,126843130.65,4340,456458,47.24,2018,10,572663.0,0.0007584376185059138,Slight or No change
353,FORTIS,EQ,2018-10-12,131.95,132.3,134.65,132.3,        133.80,134.1,133.71,920319,123060396.7,3838,600153,65.21,2018,10,514675.8,0.016294050776809454,Slight or No change
354,FORTIS,EQ,2018-10-15,134.1,134.0,139.9,134.0,        139.10,138.75,136.94,885401,121245943.95,3993,457449,51.67,2018,10,554028.75,0.034675615212528044,Slight or No change
355,FORTIS,EQ,2018-10-16,138.75,138.3,139.35,135.8,        136.80,137.2,137.24,621615,85312305.7,6106,267682,43.06,2018,10,837743.2,-0.011171171171171279,Slight or No change
356,FORTIS,EQ,2018-10-17,137.2,137.05,137.4,131.95,        133.20,132.95,133.57,770457,102906972.4,12282,402125,52.19,2018,10,1632891.9,-0.030976676384839696,Slight or No change
357,FORTIS,EQ,2018-10-19,132.95,132.0,133.55,130.65,        130.95,131.3,131.76,720311,94909927.5,5256,396091,54.99,2018,10,690112.8,-0.012410680707032551,Slight or No change
358,FORTIS,EQ,2018-10-22,131.3,131.9,133.1,130.35,        131.25,131.25,131.66,457866,60281600.2,3254,188581,41.19,2018,10,427087.5,-0.0003808073115004751,Slight or No change
359,FORTIS,EQ,2018-10-23,131.25,130.95,132.85,127.0,        127.20,127.4,129.0,788194,101678174.0,4141,495317,62.84,2018,10,527563.4,-0.029333333333333322,Slight or No change
360,FORTIS,EQ,2018-10-24,127.4,128.15,134.0,126.45,        133.95,132.95,128.72,1305927,168104651.55,9798,839123,64.25,2018,10,1302644.0999999999,0.043563579277864806,Slight or No change
361,FORTIS,EQ,2018-10-25,132.95,131.9,131.9,128.3,        130.00,129.85,129.76,757576,98303702.5,5604,481817,63.6,2018,10,727679.4,-0.023317036479879594,Slight or No change
362,FORTIS,EQ,2018-10-26,129.85,130.0,130.6,128.1,        128.85,129.25,128.98,953846,123031776.7,9367,677004,70.98,2018,10,1210684.75,-0.0046207162110126765,Slight or No change
363,FORTIS,EQ,2018-10-29,129.25,129.05,131.9,128.3,        130.40,130.35,129.75,912650,118411844.05,10843,548218,60.07,2018,10,1413385.05,0.008510638297872353,Slight or No change
364,FORTIS,EQ,2018-10-30,130.35,130.35,134.4,130.0,        134.30,134.15,133.4,982397,131050169.85,7944,526037,53.55,2018,10,1065687.6,0.029152282316839306,Slight or No change
365,FORTIS,EQ,2018-10-31,134.15,139.8,141.8,135.1,        139.90,140.35,139.63,3542439,494624156.2,18900,1835351,51.81,2018,10,2652615.0,0.04621692135669009,Slight or No change
366,FORTIS,EQ,2018-11-01,140.35,140.6,141.75,139.05,        140.55,140.75,140.53,736294,103473144.6,4258,305973,41.56,2018,11,599313.5,0.002850017812611405,Slight or No change
367,FORTIS,EQ,2018-11-02,140.75,140.5,140.5,138.0,        138.85,138.5,138.88,545926,75816797.65,3850,267994,49.09,2018,11,533225.0,-0.01598579040852577,Slight or No change
368,FORTIS,EQ,2018-11-05,138.5,139.0,141.5,138.55,        140.05,140.9,140.75,1401114,197213429.65,6161,1048491,74.83,2018,11,868084.9,0.017328519855595692,Slight or No change
369,FORTIS,EQ,2018-11-06,140.9,138.0,142.5,138.0,        140.30,141.3,140.47,1811088,254397021.35,11429,689185,38.05,2018,11,1614917.7000000002,0.002838892831795725,Slight or No change
370,FORTIS,EQ,2018-11-07,141.3,141.8,142.35,140.65,        142.00,141.65,141.53,167255,23671357.7,874,85663,51.22,2018,11,123802.1,0.002476999292285953,Slight or No change
371,FORTIS,EQ,2018-11-09,141.65,141.15,141.65,139.55,        140.20,140.35,140.68,1186147,166863963.35,7711,684716,57.73,2018,11,1082238.8499999999,-0.00917755030003542,Slight or No change
372,FORTIS,EQ,2018-11-12,140.35,141.2,141.2,139.25,        139.50,139.6,140.27,785285,110149054.05,9883,514041,65.46,2018,11,1379666.8,-0.0053437833986462735,Slight or No change
373,FORTIS,EQ,2018-11-13,139.6,139.1,144.35,138.05,        142.00,141.7,141.35,2934172,414752846.35,11384,1474055,50.24,2018,11,1613112.7999999998,0.015042979942693435,Slight or No change
374,FORTIS,EQ,2018-11-14,141.7,142.9,143.75,140.05,        140.40,140.5,140.95,1689283,238100503.45,9598,1168092,69.15,2018,11,1348519.0,-0.008468595624558817,Slight or No change
375,FORTIS,EQ,2018-11-15,140.5,140.45,144.3,140.1,        143.45,143.75,142.73,2456491,350615565.45,9071,1925321,78.38,2018,11,1303956.25,0.02313167259786475,Slight or No change
376,FORTIS,EQ,2018-11-16,143.75,143.75,146.85,143.1,        146.50,146.5,145.73,2567112,374111815.75,11290,1635807,63.72,2018,11,1653985.0,0.019130434782608674,Slight or No change
377,FORTIS,EQ,2018-11-19,146.5,147.25,149.25,147.25,        148.60,148.7,148.37,2234117,331480023.3,18889,1411467,63.18,2018,11,2808794.3,0.015017064846416295,Slight or No change
378,FORTIS,EQ,2018-11-20,148.7,148.1,149.3,146.25,        147.10,147.5,147.12,11161587,1642066036.55,19338,10477294,93.87,2018,11,2852355.0,-0.008069939475453869,Slight or No change
379,FORTIS,EQ,2018-11-21,147.5,147.15,147.9,145.6,        146.45,146.55,146.5,933351,136738810.1,8828,484093,51.87,2018,11,1293743.4000000001,-0.006440677966101593,Slight or No change
380,FORTIS,EQ,2018-11-22,146.55,146.4,147.5,145.7,        146.50,146.4,146.55,814845,119411768.65,3939,438928,53.87,2018,11,576669.6,-0.0010235414534288667,Slight or No change
381,FORTIS,EQ,2018-11-26,146.4,146.7,148.95,146.4,        147.00,147.1,147.26,435143,64081136.75,3858,263532,60.56,2018,11,567511.7999999999,0.004781420765027189,Slight or No change
382,FORTIS,EQ,2018-11-27,147.1,147.1,147.4,145.5,        146.00,146.15,146.42,444899,65143499.0,5405,286260,64.34,2018,11,789940.75,-0.006458191706322114,Slight or No change
383,FORTIS,EQ,2018-11-28,146.15,146.7,147.4,145.3,        145.95,146.05,146.0,15823982,2310342649.55,4456,15429961,97.51,2018,11,650798.8,-0.0006842285323297448,Slight or No change
384,FORTIS,EQ,2018-11-29,146.05,146.5,148.5,146.0,        147.80,147.55,147.14,794648,116928197.4,12543,440426,55.42,2018,11,1850719.6500000001,0.010270455323519334,Slight or No change
385,FORTIS,EQ,2018-11-30,147.55,148.05,148.45,146.4,        147.80,147.7,147.46,439592,64820097.3,8120,269354,61.27,2018,11,1199324.0,0.0010166045408335211,Slight or No change
386,FORTIS,EQ,2018-12-03,147.7,147.0,148.45,146.3,        147.75,147.8,147.66,553662,81751842.8,4831,249981,45.15,2018,12,714021.8,0.0006770480704132442,Slight or No change
387,FORTIS,EQ,2018-12-04,147.8,148.45,148.95,147.65,        148.60,148.45,148.32,674636,100059962.65,5883,486275,72.08,2018,12,873331.35,0.0043978349120430416,Slight or No change
388,FORTIS,EQ,2018-12-05,148.45,147.6,148.4,146.75,        147.75,147.85,147.49,594365,87661860.65,3947,235351,39.6,2018,12,583563.95,-0.004041764904008094,Slight or No change
389,FORTIS,EQ,2018-12-06,147.85,147.15,148.0,146.75,        147.40,147.4,147.37,620635,91461381.95,3082,270854,43.64,2018,12,454286.80000000005,-0.003043625295907959,Slight or No change
390,FORTIS,EQ,2018-12-07,147.4,147.25,147.8,147.0,        147.15,147.1,147.21,414163,60969233.75,3593,230123,55.56,2018,12,528530.2999999999,-0.002035278154681186,Slight or No change
391,FORTIS,EQ,2018-12-10,147.1,147.9,150.45,147.05,        150.00,150.05,149.4,1738612,259753839.85,10665,1016323,58.46,2018,12,1600283.2500000002,0.020054384772263845,Slight or No change
392,FORTIS,EQ,2018-12-11,150.05,149.5,151.8,149.1,        150.85,150.85,150.95,1130379,170634321.55,7182,640801,56.69,2018,12,1083404.7,0.005331556147950556,Slight or No change
393,FORTIS,EQ,2018-12-12,150.85,151.2,152.95,150.6,        152.90,152.85,152.18,1137179,173057941.3,4567,761728,66.98,2018,12,698065.95,0.013258203513423883,Slight or No change
394,FORTIS,EQ,2018-12-13,152.85,153.0,153.0,149.6,        150.95,151.6,151.06,1387139,209542833.65,5756,811701,58.52,2018,12,872609.6,-0.008177952240758901,Slight or No change
395,FORTIS,EQ,2018-12-14,151.6,151.7,152.0,130.0,        141.10,141.45,139.68,19939263,2785025856.45,95193,3825438,19.19,2018,12,13465049.85,-0.06695250659630614,Slight or No change
396,FORTIS,EQ,2018-12-17,141.45,140.0,142.1,136.1,        136.45,137.05,137.78,4644258,639902265.05,24207,1824843,39.29,2018,12,3317569.35,-0.031106398020501747,Slight or No change
397,FORTIS,EQ,2018-12-18,137.05,136.3,137.9,134.65,        136.20,136.15,135.62,2425611,328953536.0,8538,1616495,66.64,2018,12,1162448.7,-0.006566946369938043,Slight or No change
398,FORTIS,EQ,2018-12-19,136.15,136.3,138.25,136.1,        137.00,137.15,136.98,1264147,173157107.0,6553,670908,53.07,2018,12,898743.9500000001,0.0073448402497244825,Slight or No change
399,FORTIS,EQ,2018-12-20,137.15,137.2,137.3,134.7,        135.35,135.55,135.94,1508541,205075520.9,4657,1111837,73.7,2018,12,631256.3500000001,-0.011666059059423972,Slight or No change
400,FORTIS,EQ,2018-12-21,135.55,136.0,138.4,134.55,        135.00,134.95,135.93,1332380,181112619.65,5685,778903,58.46,2018,12,767190.7499999999,-0.004426410918480395,Slight or No change
401,FORTIS,EQ,2018-12-24,134.95,135.4,135.9,134.6,        134.90,134.95,135.12,1278231,172711284.25,3353,967955,75.73,2018,12,452487.35,0.0,Slight or No change
402,FORTIS,EQ,2018-12-26,134.95,134.6,135.8,134.2,        135.20,135.2,134.96,546089,73699511.95,2164,235220,43.07,2018,12,292572.8,0.0018525379770284456,Slight or No change
403,FORTIS,EQ,2018-12-27,135.2,135.45,136.5,133.2,        134.50,134.15,134.78,1784316,240491082.35,5937,1140712,63.93,2018,12,796448.55,-0.007766272189348999,Slight or No change
404,FORTIS,EQ,2018-12-28,134.15,134.7,138.5,134.1,        138.30,137.4,136.22,803545,109456600.6,8675,459040,57.13,2018,12,1191945.0,0.0242266120014909,Slight or No change
405,FORTIS,EQ,2018-12-31,137.4,138.0,141.85,137.5,        139.95,140.5,140.11,1851994,259476087.7,11758,1189528,64.23,2018,12,1651999.0,0.022561863173216734,Slight or No change
406,FORTIS,EQ,2019-01-01,140.5,140.5,140.55,138.55,        140.30,140.2,139.37,624458,87032679.25,2877,386823,61.95,2019,1,403355.39999999997,-0.002135231316726105,Slight or No change
407,FORTIS,EQ,2019-01-02,140.2,139.9,141.25,139.3,        140.50,140.5,140.35,681165,95601869.95,8077,385438,56.59,2019,1,1134818.5,0.0021398002853068032,Slight or No change
408,FORTIS,EQ,2019-01-03,140.5,140.15,141.7,140.0,        140.75,140.75,140.91,396135,55821119.65,9867,226904,57.28,2019,1,1388780.25,0.001779359430605032,Slight or No change
409,FORTIS,EQ,2019-01-04,140.75,140.3,141.2,139.25,        140.30,140.3,140.36,790643,110977586.45,3976,483666,61.17,2019,1,557832.8,-0.003197158081705065,Slight or No change
410,FORTIS,EQ,2019-01-07,140.3,140.5,140.9,139.1,        140.00,139.9,140.04,578155,80963127.15,5164,317485,54.91,2019,1,722443.6,-0.0028510334996436626,Slight or No change
411,FORTIS,EQ,2019-01-08,139.9,139.25,140.9,139.2,        139.20,139.4,139.78,330240,46159471.2,2805,165249,50.04,2019,1,391017.0,-0.0035739814152966343,Slight or No change
412,FORTIS,EQ,2019-01-09,139.4,139.4,140.0,138.1,        138.60,139.2,138.93,463832,64442339.0,5706,227517,49.05,2019,1,794275.2,-0.0014347202295553751,Slight or No change
413,FORTIS,EQ,2019-01-10,139.2,139.2,140.55,138.3,        140.00,139.95,139.92,1189523,166432932.3,6639,955408,80.32,2019,1,929128.0499999999,0.005387931034482651,Slight or No change
414,FORTIS,EQ,2019-01-11,139.95,140.0,140.35,139.35,        139.80,139.9,139.93,297526,41632102.3,4794,214165,71.98,2019,1,670680.6,-0.0003572704537333493,Slight or No change
415,FORTIS,EQ,2019-01-14,139.9,140.7,140.7,139.0,        139.05,139.3,139.3,212638,29620750.9,5479,139128,65.43,2019,1,763224.7000000001,-0.0042887776983558945,Slight or No change
416,FORTIS,EQ,2019-01-15,139.3,139.25,139.8,137.6,        138.05,138.25,138.67,313646,43493891.5,7137,175616,55.99,2019,1,986690.25,-0.007537688442211143,Slight or No change
417,FORTIS,EQ,2019-01-16,138.25,139.5,140.2,137.7,        137.75,137.9,138.29,818662,113210361.6,17439,423255,51.7,2019,1,2404838.1,-0.0025316455696202667,Slight or No change
418,FORTIS,EQ,2019-01-17,137.9,138.3,138.3,136.35,        136.50,136.55,137.04,1022473,140117524.15,28198,796598,77.91,2019,1,3850436.9000000004,-0.00978970268310364,Slight or No change
419,FORTIS,EQ,2019-01-18,136.55,136.65,136.65,135.25,        135.80,135.5,135.76,524388,71189028.85,6136,405940,77.41,2019,1,831428.0,-0.007689491028927242,Slight or No change
420,FORTIS,EQ,2019-01-21,135.5,135.5,135.8,135.2,        135.30,135.45,135.47,729369,98807275.1,10162,529264,72.56,2019,1,1376442.9,-0.0003690036900370064,Slight or No change
421,FORTIS,EQ,2019-01-22,135.45,135.15,137.45,135.15,        135.40,135.85,135.62,513395,69625610.85,4302,386800,75.34,2019,1,584426.7,0.0029531192321889943,Slight or No change
422,FORTIS,EQ,2019-01-23,135.85,135.9,136.6,135.4,        135.50,135.5,135.7,1090339,147954046.85,6702,932964,85.57,2019,1,908121.0,-0.0025763709974235827,Slight or No change
423,FORTIS,EQ,2019-01-24,135.5,135.35,136.85,135.35,        135.95,136.35,135.94,599598,81507932.95,9027,451960,75.38,2019,1,1230831.45,0.006273062730627332,Slight or No change
424,FORTIS,EQ,2019-01-25,136.35,135.85,136.7,135.1,        135.45,135.4,135.8,524340,71207311.2,8904,403767,77.0,2019,1,1205601.6,-0.006967363403006854,Slight or No change
425,FORTIS,EQ,2019-01-28,135.4,135.6,136.4,134.85,        135.60,135.85,135.68,1242789,168616791.6,17900,895871,72.09,2019,1,2431715.0,0.0033234859675035366,Slight or No change
426,FORTIS,EQ,2019-01-29,135.85,135.2,135.9,135.1,        135.50,135.5,135.45,760124,102960499.95,8959,491113,64.61,2019,1,1213944.5,-0.0025763709974235827,Slight or No change
427,FORTIS,EQ,2019-01-30,135.5,135.15,136.0,135.1,        135.25,135.3,135.43,590319,79946402.7,5059,410634,69.56,2019,1,684482.7000000001,-0.0014760147601474705,Slight or No change
428,FORTIS,EQ,2019-01-31,135.3,135.3,136.0,135.0,        135.25,135.2,135.2,382175,51670559.7,2898,328990,86.08,2019,1,391809.6,-0.0007390983000741258,Slight or No change
429,FORTIS,EQ,2019-02-01,135.2,134.15,135.95,134.0,        135.50,135.2,135.01,617588,83377815.0,2893,515909,83.54,2019,2,391133.6,0.0,Slight or No change
430,FORTIS,EQ,2019-02-04,135.2,135.25,135.85,134.4,        135.00,134.85,134.83,255545,34455889.45,4750,159528,62.43,2019,2,640537.5,-0.0025887573964497035,Slight or No change
431,FORTIS,EQ,2019-02-05,134.85,134.6,135.3,134.3,        134.90,134.9,134.68,401925,54130881.9,4363,312692,77.8,2019,2,588568.7000000001,0.0003707823507601571,Slight or No change
432,FORTIS,EQ,2019-02-06,134.9,134.5,138.45,134.2,        135.00,134.95,135.05,457606,61797729.75,5645,310610,67.88,2019,2,761792.7499999999,0.0003706449221645425,Slight or No change
433,FORTIS,EQ,2019-02-07,134.95,135.25,135.25,134.0,        134.25,134.55,134.56,184088,24771449.15,3310,103085,56.0,2019,2,445360.50000000006,-0.002964060763245513,Slight or No change
434,FORTIS,EQ,2019-02-08,134.55,134.8,135.75,134.4,        134.95,135.05,135.04,520445,70279373.6,4514,350521,67.35,2019,2,609615.7000000001,0.00371609067261236,Slight or No change
435,FORTIS,EQ,2019-02-11,135.05,134.75,135.4,134.0,        134.85,134.65,134.77,251970,33958906.2,2288,172818,68.59,2019,2,308079.2,-0.0029618659755646926,Slight or No change
436,FORTIS,EQ,2019-02-12,134.65,133.2,135.4,133.2,        134.95,135.0,134.94,367457,49586406.25,5184,267888,72.9,2019,2,699840.0,0.0025993316004455647,Slight or No change
437,FORTIS,EQ,2019-02-13,135.0,134.65,135.75,134.25,        134.70,134.5,134.56,232273,31254664.05,2452,137870,59.36,2019,2,329794.0,-0.0037037037037036535,Slight or No change
438,FORTIS,EQ,2019-02-14,134.5,133.0,134.95,133.0,        134.80,134.6,134.25,884532,118744768.1,4441,339485,38.38,2019,2,597758.6,0.0007434944237918462,Slight or No change
439,FORTIS,EQ,2019-02-15,134.6,134.6,137.5,134.15,        134.90,134.95,135.45,1014566,137419344.55,6044,618946,61.01,2019,2,815637.7999999999,0.002600297176820199,Slight or No change
440,FORTIS,EQ,2019-02-18,134.95,134.7,135.4,133.6,        134.90,134.95,134.91,901528,121629147.55,10427,679966,75.42,2019,2,1407123.65,0.0,Slight or No change
441,FORTIS,EQ,2019-02-19,134.95,134.05,135.6,134.05,        135.00,135.05,134.97,1012695,136686542.6,13219,745496,73.62,2019,2,1785225.9500000002,0.0007410151908116003,Slight or No change
442,FORTIS,EQ,2019-02-20,135.05,135.05,139.0,134.7,        137.20,136.9,137.19,1062706,145796116.4,11659,816918,76.87,2019,2,1596117.1,0.013698630136986356,Slight or No change
443,FORTIS,EQ,2019-02-21,136.9,135.8,137.8,135.45,        135.50,135.6,136.45,1188565,162183858.0,12444,893276,75.16,2019,2,1687406.4,-0.009495982468955555,Slight or No change
444,FORTIS,EQ,2019-02-22,135.6,135.15,136.75,135.15,        135.40,135.6,135.79,1039654,141176901.15,11035,762569,73.35,2019,2,1496346.0,0.0,Slight or No change
445,FORTIS,EQ,2019-02-25,135.6,135.6,136.85,135.6,        136.40,136.0,136.19,841351,114582061.35,7610,718634,85.41,2019,2,1034960.0,0.002949852507374784,Slight or No change
446,FORTIS,EQ,2019-02-26,136.0,136.25,138.85,134.6,        134.65,135.0,136.05,1900504,258557621.5,8812,1347329,70.89,2019,2,1189620.0,-0.007352941176470562,Slight or No change
447,FORTIS,EQ,2019-02-27,135.0,134.15,135.5,134.1,        134.45,134.35,134.74,336099,45285277.95,6040,181302,53.94,2019,2,811474.0,-0.004814814814814827,Slight or No change
448,FORTIS,EQ,2019-02-28,134.35,134.15,135.45,133.15,        134.60,134.75,134.26,409167,54936561.3,4878,306757,74.97,2019,2,657310.5,0.0029772981019724476,Slight or No change
449,FORTIS,EQ,2019-03-01,134.75,134.55,135.4,134.1,        134.80,134.75,134.72,256378,34538396.55,3520,157306,61.36,2019,3,474320.0,0.0,Slight or No change
450,FORTIS,EQ,2019-03-05,134.75,134.0,135.45,133.55,        134.20,134.25,134.32,626833,84198862.05,8642,438504,69.96,2019,3,1160188.5,-0.0037105751391465214,Slight or No change
451,FORTIS,EQ,2019-03-06,134.25,134.6,135.0,132.75,        134.50,134.0,133.8,1401575,187532043.75,15752,950112,67.79,2019,3,2110768.0,-0.0018621973929237035,Slight or No change
452,FORTIS,EQ,2019-03-07,134.0,133.9,135.8,133.65,        135.10,135.1,134.99,636165,85875094.95,12330,467587,73.5,2019,3,1665783.0,0.008208955223880654,Slight or No change
453,FORTIS,EQ,2019-03-08,135.1,135.1,135.85,134.75,        134.90,134.95,135.04,438444,59208614.55,6268,368026,83.94,2019,3,845866.6,-0.0011102886750555818,Slight or No change
454,FORTIS,EQ,2019-03-11,134.95,134.95,135.75,134.6,        135.70,135.45,135.02,616933,83295918.1,4149,498428,80.79,2019,3,561982.0499999999,0.003705075954057113,Slight or No change
455,FORTIS,EQ,2019-03-12,135.45,135.9,142.9,135.45,        141.90,141.8,140.2,1783197,250003778.9,11750,1219725,68.4,2019,3,1666150.0000000002,0.04688076781100059,Slight or No change
456,FORTIS,EQ,2019-03-13,141.8,142.8,143.0,137.55,        139.10,139.5,140.29,526384,73846476.85,4552,177680,33.75,2019,3,635004.0,-0.016220028208744797,Slight or No change
457,FORTIS,EQ,2019-03-14,139.5,139.5,140.4,135.05,        135.70,136.1,137.07,768420,105329288.9,8856,406008,52.84,2019,3,1205301.5999999999,-0.0243727598566309,Slight or No change
458,FORTIS,EQ,2019-03-15,136.1,135.3,138.2,135.0,        137.30,137.8,137.64,4109349,565591131.25,10340,3806867,92.64,2019,3,1424852.0000000002,0.012490815576782,Slight or No change
459,FORTIS,EQ,2019-03-18,137.8,136.7,137.3,135.65,        136.40,136.9,136.64,369409,50475545.8,3602,209682,56.76,2019,3,493113.80000000005,-0.0065312046444122585,Slight or No change
460,FORTIS,EQ,2019-03-19,136.9,136.3,137.5,135.0,        136.60,136.65,136.2,1009222,137460879.25,8176,211257,20.93,2019,3,1117250.4000000001,-0.0018261504747991708,Slight or No change
461,FORTIS,EQ,2019-03-20,136.65,137.95,137.95,135.5,        136.20,136.3,136.23,4510974,614524291.05,5840,4029305,89.32,2019,3,795992.0000000001,-0.0025612879619465456,Slight or No change
462,FORTIS,EQ,2019-03-22,136.3,136.4,137.1,135.7,        136.75,136.35,136.38,390016,53190623.95,2446,200847,51.5,2019,3,333512.1,0.0003668378576668907,Slight or No change
463,FORTIS,EQ,2019-03-25,136.35,136.2,137.8,134.75,        137.40,136.85,136.31,566509,77221427.1,2620,326009,57.55,2019,3,358547.0,0.003667033370003736,Slight or No change
464,FORTIS,EQ,2019-03-26,136.85,136.65,137.4,136.0,        136.25,136.3,136.44,493827,67378890.95,2203,331135,67.05,2019,3,300268.9,-0.004018998903909221,Slight or No change
465,FORTIS,EQ,2019-03-27,136.3,136.5,138.4,136.0,        137.60,137.45,136.9,779034,106652292.45,3722,549777,70.57,2019,3,511588.89999999997,0.008437270726338708,Slight or No change
466,FORTIS,EQ,2019-03-28,137.45,137.4,138.85,135.8,        136.20,136.6,137.28,388808,53374472.35,4101,161224,41.47,2019,3,560196.6,-0.006184066933430321,Slight or No change
467,FORTIS,EQ,2019-03-29,136.6,136.75,137.3,135.4,        135.60,135.75,136.11,664481,90444677.8,3960,423092,63.67,2019,3,537570.0,-0.006222547584187388,Slight or No change
468,FORTIS,EQ,2019-04-01,135.75,136.45,137.05,136.15,        136.60,136.6,136.62,223189,30491884.35,1317,158057,70.82,2019,4,179902.19999999998,0.006261510128913406,Slight or No change
469,FORTIS,EQ,2019-04-02,136.6,136.85,137.45,136.2,        136.85,137.05,136.95,507874,69553112.3,3684,294469,57.98,2019,4,504892.20000000007,0.0032942898975110158,Slight or No change
470,FORTIS,EQ,2019-04-03,137.05,136.8,138.0,136.05,        136.20,136.4,136.63,383119,52345587.25,1945,243857,63.65,2019,4,265298.0,-0.004742794600510858,Slight or No change
471,FORTIS,EQ,2019-04-04,136.4,137.25,137.45,136.2,        136.50,136.8,136.66,293462,40105766.95,2344,103255,35.19,2019,4,320659.2,0.0029325513196480912,Slight or No change
472,FORTIS,EQ,2019-04-05,136.8,137.0,138.85,136.2,        136.40,136.75,136.94,1110396,152060072.9,4240,453030,40.8,2019,4,579820.0,-0.0003654970760235132,Slight or No change
473,FORTIS,EQ,2019-04-08,136.75,136.4,137.15,134.75,        135.50,135.15,135.94,778588,105841779.8,6035,578071,74.25,2019,4,815630.25,-0.011700182815356452,Slight or No change
474,FORTIS,EQ,2019-04-09,135.15,135.5,136.6,135.1,        135.60,135.65,135.69,255576,34678705.8,4811,116420,45.55,2019,4,652612.15,0.0036995930447649705,Slight or No change
475,FORTIS,EQ,2019-04-10,135.65,135.5,136.25,135.25,        135.70,135.75,135.69,186999,25374348.0,1279,120858,64.63,2019,4,173624.25,0.0007371913011426923,Slight or No change
476,FORTIS,EQ,2019-04-11,135.75,135.8,137.35,135.5,        136.50,136.65,136.6,528653,72211882.95,2570,327498,61.95,2019,4,351190.5,0.006629834254143763,Slight or No change
477,FORTIS,EQ,2019-04-12,136.65,136.0,144.85,136.0,        138.90,138.75,141.13,2355983,332509758.75,14693,836536,35.51,2019,4,2038653.75,0.015367727771679496,Slight or No change
478,FORTIS,EQ,2019-04-15,138.75,139.15,141.8,138.75,        140.90,141.1,140.73,950881,133812839.65,5846,624083,65.63,2019,4,824870.6,0.016936936936936986,Slight or No change
479,FORTIS,EQ,2019-04-16,141.1,141.9,141.9,139.85,        140.75,141.15,141.04,441128,62218480.15,2184,258286,58.55,2019,4,308271.60000000003,0.0003543586109142627,Slight or No change
480,FORTIS,EQ,2019-04-18,141.15,141.4,141.4,139.0,        140.10,140.4,140.1,581496,81470116.95,3945,210671,36.23,2019,4,553878.0,-0.005313496280552554,Slight or No change
481,FORTIS,EQ,2019-04-22,140.4,139.6,140.35,139.2,        139.50,139.55,139.67,380870,53196212.45,2553,192815,50.62,2019,4,356271.15,-0.006054131054130996,Slight or No change
482,FORTIS,EQ,2019-04-23,139.55,139.65,140.7,138.5,        139.20,139.5,139.4,549528,76603510.5,5964,302613,55.07,2019,4,831978.0,-0.0003582945180939934,Slight or No change
483,FORTIS,EQ,2019-04-24,139.5,139.9,139.9,139.0,        139.00,139.15,139.2,444148,61823373.8,2123,374081,84.22,2019,4,295415.45,-0.002508960573476715,Slight or No change
484,FORTIS,EQ,2019-04-25,139.15,139.0,140.1,138.6,        138.95,138.95,139.41,516366,71984677.05,5329,248543,48.13,2019,4,740464.5499999999,-0.0014372978799856995,Slight or No change
485,FORTIS,EQ,2019-04-26,138.95,139.4,139.7,138.5,        139.00,139.1,139.0,308156,42832690.15,2113,164968,53.53,2019,4,293918.3,0.0010795250089961073,Slight or No change
486,FORTIS,EQ,2019-04-30,139.1,138.15,139.1,137.0,        138.85,138.55,137.99,485562,67001069.6,6873,230008,47.37,2019,4,952254.15,-0.003953989935298274,Slight or No change
487,FORTIS,EQ,2019-05-02,138.55,138.9,138.9,137.0,        137.70,137.85,137.68,238818,32880572.05,1732,118452,49.6,2019,5,238756.19999999998,-0.005052327679538227,Slight or No change
488,FORTIS,EQ,2019-05-03,137.85,137.85,138.45,137.3,        137.55,137.75,137.86,134430,18532525.55,888,74590,55.49,2019,5,122322.0,-0.0007254261878852919,Slight or No change
489,FORTIS,EQ,2019-05-06,137.75,137.15,137.75,135.6,        135.85,136.35,136.82,175876,24063209.5,1250,115120,65.46,2019,5,170437.5,-0.010163339382940118,Slight or No change
490,FORTIS,EQ,2019-05-07,136.35,136.0,136.7,135.0,        135.35,135.2,135.94,165465,22493161.85,865,99695,60.25,2019,5,116947.99999999999,-0.008434176751008438,Slight or No change
491,FORTIS,EQ,2019-05-08,135.2,135.35,135.75,133.3,        133.50,133.6,134.16,377871,50693610.2,2454,246366,65.2,2019,5,327854.39999999997,-0.011834319526627168,Slight or No change
492,FORTIS,EQ,2019-05-09,133.6,133.6,133.75,132.3,        133.05,133.0,132.89,959494,127506510.15,7299,798500,83.22,2019,5,970767.0,-0.004491017964071808,Slight or No change
493,FORTIS,EQ,2019-05-10,133.0,133.05,133.6,131.0,        131.50,131.9,132.55,868778,115155250.65,3592,658577,75.8,2019,5,473784.80000000005,-0.008270676691729317,Slight or No change
494,FORTIS,EQ,2019-05-13,131.9,131.1,132.05,129.2,        129.80,129.7,130.51,412786,53870829.8,2896,322608,78.15,2019,5,375611.19999999995,-0.016679302501895532,Slight or No change
